humidity,weather,device_id,created_at,switch_id,updated_at,id,status,days,is_motion,light_intensity,time_minutes,temperature
52.8667,5,1,4/12/2020 0:00,1,,44787,FALSE,7,FALSE,0,0,26.75
52.8667,5,1,4/12/2020 0:00,1,,44789,FALSE,7,FALSE,0,1,26.75
53.1,5,1,4/12/2020 0:00,1,,44791,FALSE,7,TRUE,0,2,26.7
53.1,5,1,4/12/2020 0:00,1,,44791,FALSE,7,TRUE,0,3,26.7
53.1,5,1,4/12/2020 0:00,1,,44791,FALSE,7,TRUE,0,4,26.7
53.1,5,1,4/12/2020 0:00,1,,44791,FALSE,7,TRUE,0,5,26.7
53.1,5,1,4/12/2020 0:00,1,,44791,FALSE,7,TRUE,0,6,26.7
53.1,5,1,4/12/2020 0:00,1,,44791,FALSE,7,TRUE,0,7,26.7
53.1,5,1,4/12/2020 0:00,1,,44791,FALSE,7,TRUE,0,8,26.7
53.1,5,1,4/12/2020 0:00,1,,44791,FALSE,7,TRUE,0,9,26.7
53.1,5,1,4/12/2020 0:00,1,,44791,FALSE,7,TRUE,0,10,26.7
53.1,5,1,4/12/2020 0:00,1,,44791,FALSE,7,TRUE,0,11,26.7
53.1,5,1,4/12/2020 0:00,1,,44791,FALSE,7,TRUE,0,12,26.7
53.1,5,1,4/12/2020 0:00,1,,44791,FALSE,7,TRUE,0,13,26.7
53.1,5,1,4/12/2020 0:00,1,,44791,FALSE,7,TRUE,0,14,26.7
53.1,5,1,4/12/2020 0:00,1,,44791,FALSE,7,TRUE,0,15,26.7
53.1,5,1,4/12/2020 0:00,1,,44791,FALSE,7,TRUE,0,16,26.7
53.1,5,1,4/12/2020 0:00,1,,44791,FALSE,7,TRUE,0,17,26.7
53.1,5,1,4/12/2020 0:00,1,,44791,FALSE,7,TRUE,0,18,26.7
53.1,5,1,4/12/2020 0:00,1,,44791,FALSE,7,TRUE,0,19,26.7
53.1,5,1,4/12/2020 0:00,1,,44791,FALSE,7,TRUE,0,20,26.7
53.1,5,1,4/12/2020 0:00,1,,44791,FALSE,7,TRUE,0,21,26.7
53.1,5,1,4/12/2020 0:00,1,,44791,FALSE,7,TRUE,0,22,26.7
53.1,5,1,4/12/2020 0:00,1,,44791,FALSE,7,TRUE,0,23,26.7
53.1,5,1,4/12/2020 0:00,1,,44791,FALSE,7,TRUE,0,24,26.7
53.1,5,1,4/12/2020 0:00,1,,44791,FALSE,7,TRUE,0,25,26.7
53.1,5,1,4/12/2020 0:00,1,,44791,FALSE,7,TRUE,0,26,26.7
53.1,5,1,4/12/2020 0:00,1,,44791,FALSE,7,TRUE,0,27,26.7
53.1,5,1,4/12/2020 0:00,1,,44791,FALSE,7,TRUE,0,28,26.7
53.1,5,1,4/12/2020 0:00,1,,44791,FALSE,7,TRUE,0,29,26.7
53.1,5,1,4/12/2020 0:00,1,,44791,FALSE,7,TRUE,0,30,26.7
53.1,5,1,4/12/2020 0:00,1,,44791,FALSE,7,TRUE,0,31,26.7
53.1,5,1,4/12/2020 0:00,1,,44791,FALSE,7,TRUE,0,32,26.7
53.1,5,1,4/12/2020 0:00,1,,44791,FALSE,7,TRUE,0,33,26.7
53.1,5,1,4/12/2020 0:00,1,,44791,FALSE,7,TRUE,0,34,26.7
53.1,5,1,4/12/2020 0:00,1,,44791,FALSE,7,TRUE,0,35,26.7
53.1,5,1,4/12/2020 0:00,1,,44791,FALSE,7,TRUE,0,36,26.7
53.1,5,1,4/12/2020 0:00,1,,44791,FALSE,7,TRUE,0,37,26.7
53.1,5,1,4/12/2020 0:00,1,,44791,FALSE,7,TRUE,0,38,26.7
53.1,5,1,4/12/2020 0:00,1,,44791,FALSE,7,TRUE,0,39,26.7
53.1,5,1,4/12/2020 0:00,1,,44791,FALSE,7,TRUE,0,40,26.7
53.1,5,1,4/12/2020 0:00,1,,44791,FALSE,7,TRUE,0,41,26.7
53.1,5,1,4/12/2020 0:00,1,,44791,FALSE,7,TRUE,0,42,26.7
53.1,5,1,4/12/2020 0:00,1,,44791,FALSE,7,TRUE,0,43,26.7
53.1,5,1,4/12/2020 0:00,1,,44791,FALSE,7,TRUE,0,44,26.7
53.1,5,1,4/12/2020 0:00,1,,44791,FALSE,7,TRUE,0,45,26.7
53.1,5,1,4/12/2020 0:00,1,,44791,FALSE,7,TRUE,0,46,26.7
53.1,5,1,4/12/2020 0:00,1,,44791,FALSE,7,TRUE,0,47,26.7
53.1,5,1,4/12/2020 0:00,1,,44791,FALSE,7,TRUE,0,48,26.7
53.1,5,1,4/12/2020 0:00,1,,44791,FALSE,7,TRUE,0,49,26.7
53.1,5,1,4/12/2020 0:00,1,,44791,FALSE,7,TRUE,0,50,26.7
53.1,5,1,4/12/2020 0:00,1,,44791,FALSE,7,TRUE,0,51,26.7
53.1,5,1,4/12/2020 0:00,1,,44791,FALSE,7,TRUE,0,52,26.7
53.1,5,1,4/12/2020 0:00,1,,44791,FALSE,7,TRUE,0,53,26.7
53.1,5,1,4/12/2020 0:00,1,,44791,FALSE,7,TRUE,0,54,26.7
53.1,5,1,4/12/2020 0:00,1,,44791,FALSE,7,TRUE,0,55,26.7
53.1,5,1,4/12/2020 0:00,1,,44791,FALSE,7,TRUE,0,56,26.7
53.1,5,1,4/12/2020 0:00,1,,44791,FALSE,7,TRUE,0,57,26.7
53.1,5,1,4/12/2020 0:00,1,,44791,FALSE,7,TRUE,0,58,26.7
53.1,5,1,4/12/2020 0:00,1,,44791,FALSE,7,TRUE,0,59,26.7
53.1,5,1,4/12/2020 0:00,1,,44791,FALSE,7,TRUE,0,60,26.7
53.1,5,1,4/12/2020 0:00,1,,44791,FALSE,7,TRUE,0,61,26.7
53.1,5,1,4/12/2020 0:00,1,,44791,FALSE,7,TRUE,0,62,26.7
53.1,5,1,4/12/2020 0:00,1,,44791,FALSE,7,TRUE,0,63,26.7
53.1,5,1,4/12/2020 0:00,1,,44791,FALSE,7,TRUE,0,64,26.7
53.1,5,1,4/12/2020 0:00,1,,44791,FALSE,7,TRUE,0,65,26.7
53.1,5,1,4/12/2020 0:00,1,,44791,FALSE,7,TRUE,0,66,26.7
53.1,5,1,4/12/2020 0:00,1,,44791,FALSE,7,TRUE,0,67,26.7
53.1,5,1,4/12/2020 0:00,1,,44791,FALSE,7,TRUE,0,68,26.7
53.1,5,1,4/12/2020 0:00,1,,44791,FALSE,7,TRUE,0,69,26.7
53.1,5,1,4/12/2020 0:00,1,,44791,FALSE,7,TRUE,0,70,26.7
53.1,5,1,4/12/2020 0:00,1,,44791,FALSE,7,TRUE,0,71,26.7
53.1,5,1,4/12/2020 0:00,1,,44791,FALSE,7,TRUE,0,72,26.7
53.1,5,1,4/12/2020 0:00,1,,44791,FALSE,7,TRUE,0,73,26.7
53.1,5,1,4/12/2020 0:00,1,,44791,FALSE,7,TRUE,0,74,26.7
53.1,5,1,4/12/2020 0:00,1,,44791,FALSE,7,TRUE,0,75,26.7
53.1,5,1,4/12/2020 0:00,1,,44791,FALSE,7,TRUE,0,76,26.7
53.1,5,1,4/12/2020 0:00,1,,44791,FALSE,7,TRUE,0,77,26.7
53.1,5,1,4/12/2020 0:00,1,,44791,FALSE,7,TRUE,0,78,26.7
53.1,5,1,4/12/2020 0:00,1,,44791,FALSE,7,TRUE,0,79,26.7
53.1,5,1,4/12/2020 0:00,1,,44791,FALSE,7,TRUE,0,80,26.7
53.1,5,1,4/12/2020 0:00,1,,44791,FALSE,7,TRUE,0,81,26.7
53.1,5,1,4/12/2020 0:00,1,,44791,FALSE,7,TRUE,0,82,26.7
53.1,5,1,4/12/2020 0:00,1,,44791,FALSE,7,TRUE,0,83,26.7
53.1,5,1,4/12/2020 0:00,1,,44791,FALSE,7,TRUE,0,84,26.7
53.1,5,1,4/12/2020 0:00,1,,44791,FALSE,7,TRUE,0,85,26.7
53.1,5,1,4/12/2020 0:00,1,,44791,FALSE,7,TRUE,0,86,26.7
53.1,5,1,4/12/2020 0:00,1,,44791,FALSE,7,TRUE,0,87,26.7
53.1,5,1,4/12/2020 0:00,1,,44791,FALSE,7,TRUE,0,88,26.7
53.1,5,1,4/12/2020 0:00,1,,44791,FALSE,7,TRUE,0,89,26.7
53.1,5,1,4/12/2020 0:00,1,,44791,FALSE,7,TRUE,0,90,26.7
53.1,5,1,4/12/2020 0:00,1,,44791,FALSE,7,TRUE,0,91,26.7
53.1,5,1,4/12/2020 0:00,1,,44791,FALSE,7,TRUE,0,92,26.7
53.1,5,1,4/12/2020 0:00,1,,44791,FALSE,7,TRUE,0,93,26.7
53.1,5,1,4/12/2020 0:00,1,,44791,FALSE,7,TRUE,0,94,26.7
53.1,5,1,4/12/2020 0:00,1,,44791,FALSE,7,TRUE,0,95,26.7
53.1,5,1,4/12/2020 0:00,1,,44791,FALSE,7,TRUE,0,96,26.7
53.1,5,1,4/12/2020 0:00,1,,44791,FALSE,7,TRUE,0,97,26.7
53.1,5,1,4/12/2020 0:00,1,,44791,FALSE,7,TRUE,0,98,26.7
53.1,5,1,4/12/2020 0:00,1,,44791,FALSE,7,TRUE,0,99,26.7
53.1,5,1,4/12/2020 0:00,1,,44791,FALSE,7,TRUE,0,100,26.7
53.1,5,1,4/12/2020 0:00,1,,44791,FALSE,7,TRUE,0,101,26.7
53.1,5,1,4/12/2020 0:00,1,,44791,FALSE,7,TRUE,0,102,26.7
53.1,5,1,4/12/2020 0:00,1,,44791,FALSE,7,TRUE,0,103,26.7
53.1,5,1,4/12/2020 0:00,1,,44791,FALSE,7,TRUE,0,104,26.7
53.1,5,1,4/12/2020 0:00,1,,44791,FALSE,7,TRUE,0,105,26.7
53.1,5,1,4/12/2020 0:00,1,,44791,FALSE,7,TRUE,0,106,26.7
53.1,5,1,4/12/2020 0:00,1,,44791,FALSE,7,TRUE,0,107,26.7
53.1,5,1,4/12/2020 0:00,1,,44791,FALSE,7,TRUE,0,108,26.7
53.1,5,1,4/12/2020 0:00,1,,44791,FALSE,7,TRUE,0,109,26.7
53.1,5,1,4/12/2020 0:00,1,,44791,FALSE,7,TRUE,0,110,26.7
53.1,5,1,4/12/2020 0:00,1,,44791,FALSE,7,TRUE,0,111,26.7
53.1,5,1,4/12/2020 0:00,1,,44791,FALSE,7,TRUE,0,112,26.7
53.1,5,1,4/12/2020 0:00,1,,44791,FALSE,7,TRUE,0,113,26.7
53.1,5,1,4/12/2020 0:00,1,,44791,FALSE,7,TRUE,0,114,26.7
53.1,5,1,4/12/2020 0:00,1,,44791,FALSE,7,TRUE,0,115,26.7
53.1,5,1,4/12/2020 0:00,1,,44791,FALSE,7,TRUE,0,116,26.7
53.1,5,1,4/12/2020 0:00,1,,44791,FALSE,7,TRUE,0,117,26.7
53.1,5,1,4/12/2020 0:00,1,,44791,FALSE,7,TRUE,0,118,26.7
53.1,5,1,4/12/2020 0:00,1,,44791,FALSE,7,TRUE,0,119,26.7
53.1,5,1,4/12/2020 0:00,1,,44791,FALSE,7,TRUE,0,120,26.7
53.1,5,1,4/12/2020 0:00,1,,44791,FALSE,7,TRUE,0,121,26.7
53.1,5,1,4/12/2020 0:00,1,,44791,FALSE,7,TRUE,0,122,26.7
53.1,5,1,4/12/2020 0:00,1,,44791,FALSE,7,TRUE,0,123,26.7
53.1,5,1,4/12/2020 0:00,1,,44791,FALSE,7,TRUE,0,124,26.7
53.1,5,1,4/12/2020 0:00,1,,44791,FALSE,7,TRUE,0,125,26.7
53.1,5,1,4/12/2020 0:00,1,,44791,FALSE,7,TRUE,0,126,26.7
53.1,5,1,4/12/2020 0:00,1,,44791,FALSE,7,TRUE,0,127,26.7
53.1,5,1,4/12/2020 0:00,1,,44791,FALSE,7,TRUE,0,128,26.7
53.1,5,1,4/12/2020 0:00,1,,44791,FALSE,7,TRUE,0,129,26.7
53.1,5,1,4/12/2020 0:00,1,,44791,FALSE,7,TRUE,0,130,26.7
53.1,5,1,4/12/2020 0:00,1,,44791,FALSE,7,TRUE,0,131,26.7
53.1,5,1,4/12/2020 0:00,1,,44791,FALSE,7,TRUE,0,132,26.7
53.1,5,1,4/12/2020 0:00,1,,44791,FALSE,7,TRUE,0,133,26.7
53.1,5,1,4/12/2020 0:00,1,,44791,FALSE,7,TRUE,0,134,26.7
53.1,5,1,4/12/2020 0:00,1,,44791,FALSE,7,TRUE,0,135,26.7
53.1,5,1,4/12/2020 0:00,1,,44791,FALSE,7,TRUE,0,136,26.7
53.1,5,1,4/12/2020 0:00,1,,44791,FALSE,7,TRUE,0,137,26.7
53.1,5,1,4/12/2020 0:00,1,,44791,FALSE,7,TRUE,0,138,26.7
53.1,5,1,4/12/2020 0:00,1,,44791,FALSE,7,TRUE,0,139,26.7
53.1,5,1,4/12/2020 0:00,1,,44791,FALSE,7,TRUE,0,140,26.7
53.1,5,1,4/12/2020 0:00,1,,44791,FALSE,7,TRUE,0,141,26.7
53.1,5,1,4/12/2020 0:00,1,,44791,FALSE,7,TRUE,0,142,26.7
53.1,5,1,4/12/2020 0:00,1,,44791,FALSE,7,TRUE,0,143,26.7
53.1,5,1,4/12/2020 0:00,1,,44791,FALSE,7,TRUE,0,144,26.7
53.1,5,1,4/12/2020 0:00,1,,44791,FALSE,7,TRUE,0,145,26.7
53.1,5,1,4/12/2020 0:00,1,,44791,FALSE,7,TRUE,0,146,26.7
53.1,5,1,4/12/2020 0:00,1,,44791,FALSE,7,TRUE,0,147,26.7
53.1,5,1,4/12/2020 0:00,1,,44791,FALSE,7,TRUE,0,148,26.7
53.1,5,1,4/12/2020 0:00,1,,44791,FALSE,7,TRUE,0,149,26.7
53.1,5,1,4/12/2020 0:00,1,,44791,FALSE,7,TRUE,0,150,26.7
53.1,5,1,4/12/2020 0:00,1,,44791,FALSE,7,TRUE,0,151,26.7
53.1,5,1,4/12/2020 0:00,1,,44791,FALSE,7,TRUE,0,152,26.7
53.1,5,1,4/12/2020 0:00,1,,44791,FALSE,7,TRUE,0,153,26.7
53.1,5,1,4/12/2020 0:00,1,,44791,FALSE,7,TRUE,0,154,26.7
53.1,5,1,4/12/2020 0:00,1,,44791,FALSE,7,TRUE,0,155,26.7
53.1,5,1,4/12/2020 0:00,1,,44791,FALSE,7,TRUE,0,156,26.7
53.1,5,1,4/12/2020 0:00,1,,44791,FALSE,7,TRUE,0,157,26.7
53.1,5,1,4/12/2020 0:00,1,,44791,FALSE,7,TRUE,0,158,26.7
53.1,5,1,4/12/2020 0:00,1,,44791,FALSE,7,TRUE,0,159,26.7
53.1,5,1,4/12/2020 0:00,1,,44791,FALSE,7,TRUE,0,160,26.7
53.1,5,1,4/12/2020 0:00,1,,44791,FALSE,7,TRUE,0,161,26.7
53.1,5,1,4/12/2020 0:00,1,,44791,FALSE,7,TRUE,0,162,26.7
53.1,5,1,4/12/2020 0:00,1,,44791,FALSE,7,TRUE,0,163,26.7
53.1,5,1,4/12/2020 0:00,1,,44791,FALSE,7,TRUE,0,164,26.7
53.1,5,1,4/12/2020 0:00,1,,44791,FALSE,7,TRUE,0,165,26.7
53.1,5,1,4/12/2020 0:00,1,,44791,FALSE,7,TRUE,0,166,26.7
53.1,5,1,4/12/2020 0:00,1,,44791,FALSE,7,TRUE,0,167,26.7
57.05,7,1,4/12/2020 0:00,1,,44793,FALSE,7,FALSE,0,168,26.8
57.1,7,1,4/12/2020 0:00,1,,44795,FALSE,7,FALSE,0,169,26.8
57.1,7,1,4/12/2020 0:00,1,,44797,FALSE,7,FALSE,0,170,26.8
57.1,7,1,4/12/2020 0:00,1,,44799,FALSE,7,TRUE,0,171,26.8
57.15,7,1,4/12/2020 0:00,1,,44801,FALSE,7,FALSE,0,172,26.8
57.3,7,1,4/12/2020 0:00,1,,44803,FALSE,7,FALSE,0,173,26.8
57.35,7,1,4/12/2020 0:00,1,,44805,FALSE,7,FALSE,0,174,26.8
57.45,7,1,4/12/2020 0:00,1,,44807,FALSE,7,FALSE,0,175,26.8
57.75,7,1,4/12/2020 0:00,1,,44809,FALSE,7,FALSE,0,176,26.8
58.225,7,1,4/12/2020 0:00,1,,44811,FALSE,7,FALSE,0,177,26.8
58.48,7,1,4/12/2020 0:00,1,,44813,FALSE,7,FALSE,0,178,26.82
58.7438,7,1,4/12/2020 0:00,1,,44815,FALSE,7,TRUE,0,179,26.8875
58.8,7,1,4/12/2020 0:00,1,,44817,FALSE,7,TRUE,0,180,26.95
58.93,7,1,4/12/2020 0:00,1,,44819,FALSE,7,FALSE,0,181,26.98
59.05,7,1,4/12/2020 0:00,1,,44821,FALSE,7,FALSE,0,182,27
59.15,7,1,4/12/2020 0:00,1,,44823,FALSE,7,FALSE,0,183,27
59.2,7,1,4/12/2020 0:00,1,,44825,FALSE,7,FALSE,0,184,27
58.323,7,1,4/12/2020 0:00,1,,44827,FALSE,7,FALSE,0,185,27.0311
58.3,7,1,4/12/2020 0:00,1,,44829,FALSE,7,FALSE,0,186,27
58.35,7,1,4/12/2020 0:00,1,,44831,FALSE,7,FALSE,0,187,27
58.425,7,1,4/12/2020 0:00,1,,44833,FALSE,7,FALSE,0,188,27
58.6,7,1,4/12/2020 0:00,1,,44835,FALSE,7,FALSE,0,189,27
58.95,7,1,4/12/2020 0:00,1,,44837,FALSE,7,FALSE,0,190,27.05
59.15,7,1,4/12/2020 0:00,1,,44839,FALSE,7,FALSE,0,191,27
59.025,7,1,4/12/2020 0:00,1,,44841,FALSE,7,FALSE,0,192,27.075
59,7,1,4/12/2020 0:00,1,,44843,FALSE,7,FALSE,0,193,27
59.2,7,1,4/12/2020 0:00,1,,44845,FALSE,7,TRUE,0,194,27.1
59.25,7,1,4/12/2020 0:00,1,,44847,FALSE,7,TRUE,0,195,27.1
59.35,7,1,4/12/2020 0:00,1,,44849,FALSE,7,FALSE,0,196,27.1
59.5,7,1,4/12/2020 0:00,1,,44851,FALSE,7,FALSE,0,197,27.1
59.6,7,1,4/12/2020 0:00,1,,44853,FALSE,7,FALSE,0,198,27.1
59.5,7,1,4/12/2020 0:00,1,,44855,FALSE,7,FALSE,0,199,27.05
59.5,7,1,4/12/2020 0:00,1,,44857,FALSE,7,TRUE,0,200,27.1
59.6,7,1,4/12/2020 0:00,1,,44859,FALSE,7,TRUE,0,201,27.1
59.51,7,1,4/12/2020 0:00,1,,44861,FALSE,7,FALSE,0,202,27.11
59.45,7,1,4/12/2020 0:00,1,,44863,FALSE,7,FALSE,0,203,27.1
59.5,7,1,4/12/2020 0:00,1,,44865,FALSE,7,FALSE,0,204,27.15
59.65,7,1,4/12/2020 0:00,1,,44867,FALSE,7,FALSE,0,205,27.2
59.75,7,1,4/12/2020 0:00,1,,44869,FALSE,7,FALSE,0,206,27.2
59.9,7,1,4/12/2020 0:00,1,,44871,FALSE,7,FALSE,0,207,27.2
59.9,7,1,4/12/2020 0:00,1,,44873,FALSE,7,FALSE,0,208,27.2
59.85,7,1,4/12/2020 0:00,1,,44875,FALSE,7,FALSE,0,209,27.2
59.8,7,1,4/12/2020 0:00,1,,44877,FALSE,7,FALSE,0,210,27.2
59.85,7,1,4/12/2020 0:00,1,,44879,FALSE,7,FALSE,0,211,27.25
60,7,1,4/12/2020 0:00,1,,44881,FALSE,7,FALSE,0,212,27.25
60.025,7,1,4/12/2020 0:00,1,,44883,FALSE,7,TRUE,0,213,27.25
59.9,7,1,4/12/2020 0:00,1,,44885,FALSE,7,TRUE,0,214,27.25
59.8571,7,1,4/12/2020 0:00,1,,44887,FALSE,7,FALSE,0,215,27.3
59.1245,7,1,4/12/2020 0:00,1,,44889,FALSE,7,FALSE,0,216,27.2075
59.15,7,1,4/12/2020 0:00,1,,44891,FALSE,7,FALSE,0,217,27.1
59.25,7,1,4/12/2020 0:00,1,,44893,FALSE,7,FALSE,0,218,27.1
59.25,7,1,4/12/2020 0:00,1,,44895,FALSE,7,FALSE,0,219,27.1
59.3,7,1,4/12/2020 0:00,1,,44897,FALSE,7,TRUE,0,220,27.1
59.25,7,1,4/12/2020 0:00,1,,44899,FALSE,7,TRUE,0,221,27.1
59.25,7,1,4/12/2020 0:00,1,,44901,FALSE,7,TRUE,0,222,27.1
59.2,7,1,4/12/2020 0:00,1,,44903,FALSE,7,FALSE,0,223,27.1
59.25,7,1,4/12/2020 0:00,1,,44905,FALSE,7,FALSE,0,224,27.1
59.25,7,1,4/12/2020 0:00,1,,44907,FALSE,7,FALSE,0,225,27.1
59.3,7,1,4/12/2020 0:00,1,,44909,FALSE,7,TRUE,0,226,27.1
59.3,7,1,4/12/2020 0:00,1,,44911,FALSE,7,TRUE,0,227,27.1
59.3,7,1,4/12/2020 0:00,1,,44913,FALSE,7,TRUE,0,228,27.1
59.35,7,1,4/12/2020 0:00,1,,44915,FALSE,7,FALSE,0,229,27.05
59.4,7,1,4/12/2020 0:00,1,,44917,FALSE,7,FALSE,0,230,27
59.4,7,1,4/12/2020 0:00,1,,44919,FALSE,7,FALSE,0,231,27.1
59.4,7,1,4/12/2020 0:00,1,,44921,FALSE,7,FALSE,0,232,27.05
59.4,7,1,4/12/2020 0:00,1,,44923,FALSE,7,FALSE,0,233,27
59.4,7,1,4/12/2020 0:00,1,,44925,FALSE,7,FALSE,0,234,27.025
59.4,7,1,4/12/2020 0:00,1,,44927,FALSE,7,FALSE,0,235,27
59.45,7,1,4/12/2020 0:00,1,,44929,FALSE,7,FALSE,0,236,27
59.5,7,1,4/12/2020 0:00,1,,44931,FALSE,7,FALSE,0,237,27
59.5,7,1,4/12/2020 0:00,1,,44933,FALSE,7,FALSE,0,238,27.05
59.5,7,1,4/12/2020 0:00,1,,44935,FALSE,7,FALSE,0,239,27
59.45,7,1,4/12/2020 0:00,1,,44937,FALSE,7,FALSE,0,240,27
59.4,7,1,4/12/2020 0:00,1,,44939,FALSE,7,FALSE,0,241,27.1
59.425,7,1,4/12/2020 0:00,1,,44941,FALSE,7,FALSE,0,242,27
59.5,7,1,4/12/2020 0:00,1,,44943,FALSE,7,FALSE,0,243,27
59.5,7,1,4/12/2020 0:00,1,,44945,FALSE,7,FALSE,0,244,27.025
59.5,7,1,4/12/2020 0:00,1,,44947,FALSE,7,FALSE,0,245,27
59.5,7,1,4/12/2020 0:00,1,,44949,FALSE,7,FALSE,0,246,27
59.5,7,1,4/12/2020 0:00,1,,44951,FALSE,7,FALSE,0,247,27
59.5,7,1,4/12/2020 0:00,1,,44953,FALSE,7,FALSE,0,248,27
59.4,7,1,4/12/2020 0:00,1,,44955,FALSE,7,FALSE,0,249,27
59.5,7,1,4/12/2020 0:00,1,,44957,FALSE,7,FALSE,0,250,27
59.5,7,1,4/12/2020 0:00,1,,44959,FALSE,7,TRUE,0,251,27
59.6,7,1,4/12/2020 0:00,1,,44961,FALSE,7,FALSE,0,252,27
59.55,7,1,4/12/2020 0:00,1,,44963,FALSE,7,FALSE,0,253,27
59.6,7,1,4/12/2020 0:00,1,,44965,FALSE,7,FALSE,0,254,27
59.6,7,1,4/12/2020 0:00,1,,44967,FALSE,7,FALSE,0,255,27
59.6,7,1,4/12/2020 0:00,1,,44969,FALSE,7,FALSE,0,256,27
59.6,7,1,4/12/2020 0:00,1,,44971,FALSE,7,FALSE,0,257,27
59.6,7,1,4/12/2020 0:00,1,,44973,FALSE,7,FALSE,0,258,27
59.5,7,1,4/12/2020 0:00,1,,44975,FALSE,7,FALSE,0,259,27
59.55,7,1,4/12/2020 0:00,1,,44977,FALSE,7,FALSE,0,260,26.95
59.6,7,1,4/12/2020 0:00,1,,44979,FALSE,7,TRUE,0,261,26.95
59.6333,7,1,4/12/2020 0:00,1,,44981,FALSE,7,FALSE,0,262,26.9333
59.7,7,1,4/12/2020 0:00,1,,44983,FALSE,7,TRUE,0,263,26.9125
59.7,7,1,4/12/2020 0:00,1,,44983,FALSE,7,TRUE,0,264,26.9125
59.7,7,1,4/12/2020 0:00,1,,44983,FALSE,7,TRUE,0,265,26.9125
59.7,7,1,4/12/2020 0:00,1,,44983,FALSE,7,TRUE,0,266,26.9125
59.7,7,1,4/12/2020 0:00,1,,44983,FALSE,7,TRUE,0,267,26.9125
59.7,7,1,4/12/2020 0:00,1,,44983,FALSE,7,TRUE,0,268,26.9125
59.7,7,1,4/12/2020 0:00,1,,44983,FALSE,7,TRUE,0,269,26.9125
59.7,7,1,4/12/2020 0:00,1,,44983,FALSE,7,TRUE,0,270,26.9125
59.7,7,1,4/12/2020 0:00,1,,44983,FALSE,7,TRUE,0,271,26.9125
59.7,7,1,4/12/2020 0:00,1,,44983,FALSE,7,TRUE,0,272,26.9125
62.45,6,1,4/12/2020 0:00,1,,44985,TRUE,7,FALSE,31.6667,273,27.2
62.5,6,1,4/12/2020 0:00,1,,44987,TRUE,7,FALSE,31.6667,273,27.15
62.45,6,1,4/12/2020 0:00,1,,44989,TRUE,7,TRUE,31.6667,273,27.2
62.25,6,1,4/12/2020 0:00,1,,44991,TRUE,7,FALSE,31.6667,275,27.1952
62.25,6,1,4/12/2020 0:00,1,,44991,TRUE,7,FALSE,31.6667,276,27.1952
62.25,6,1,4/12/2020 0:00,1,,44991,TRUE,7,FALSE,31.6667,277,27.1952
62.25,6,1,4/12/2020 0:00,1,,44991,TRUE,7,FALSE,31.6667,278,27.1952
62.25,6,1,4/12/2020 0:00,1,,44991,TRUE,7,FALSE,31.6667,279,27.1952
62.25,6,1,4/12/2020 0:00,1,,44991,TRUE,7,FALSE,31.6667,280,27.1952
62.25,6,1,4/12/2020 0:00,1,,44991,TRUE,7,FALSE,31.6667,281,27.1952
62.25,6,1,4/12/2020 0:00,1,,44991,TRUE,7,FALSE,31.6667,282,27.1952
62.25,6,1,4/12/2020 0:00,1,,44991,TRUE,7,FALSE,31.6667,283,27.1952
62.25,6,1,4/12/2020 0:00,1,,44991,TRUE,7,FALSE,31.6667,284,27.1952
62.25,6,1,4/12/2020 0:00,1,,44991,TRUE,7,FALSE,31.6667,285,27.1952
62.25,6,1,4/12/2020 0:00,1,,44991,TRUE,7,FALSE,31.6667,286,27.1952
62.25,6,1,4/12/2020 0:00,1,,44991,TRUE,7,FALSE,31.6667,287,27.1952
62.25,6,1,4/12/2020 0:00,1,,44991,TRUE,7,FALSE,31.6667,288,27.1952
62.25,6,1,4/12/2020 0:00,1,,44991,TRUE,7,FALSE,31.6667,289,27.1952
62.25,6,1,4/12/2020 0:00,1,,44991,TRUE,7,FALSE,31.6667,290,27.1952
62.25,6,1,4/12/2020 0:00,1,,44991,TRUE,7,FALSE,31.6667,291,27.1952
62.25,6,1,4/12/2020 0:00,1,,44991,TRUE,7,FALSE,31.6667,292,27.1952
62.25,6,1,4/12/2020 0:00,1,,44991,TRUE,7,FALSE,31.6667,293,27.1952
62.25,6,1,4/12/2020 0:00,1,,44991,TRUE,7,FALSE,31.6667,294,27.1952
62.25,6,1,4/12/2020 0:00,1,,44991,TRUE,7,FALSE,31.6667,295,27.1952
62.25,6,1,4/12/2020 0:00,1,,44991,TRUE,7,FALSE,31.6667,296,27.1952
62.25,6,1,4/12/2020 0:00,1,,44991,TRUE,7,FALSE,31.6667,297,27.1952
62.25,6,1,4/12/2020 0:00,1,,44991,TRUE,7,FALSE,31.6667,298,27.1952
62.25,6,1,4/12/2020 0:00,1,,44991,TRUE,7,FALSE,31.6667,299,27.1952
62.25,6,1,4/12/2020 0:00,1,,44991,TRUE,7,FALSE,31.6667,300,27.1952
62.25,6,1,4/12/2020 0:00,1,,44991,TRUE,7,FALSE,31.6667,301,27.1952
62.25,6,1,4/12/2020 0:00,1,,44991,TRUE,7,FALSE,31.6667,302,27.1952
62.25,6,1,4/12/2020 0:00,1,,44991,TRUE,7,FALSE,31.6667,303,27.1952
62.25,6,1,4/12/2020 0:00,1,,44991,TRUE,7,FALSE,31.6667,304,27.1952
62.25,6,1,4/12/2020 0:00,1,,44991,TRUE,7,FALSE,31.6667,305,27.1952
62.25,6,1,4/12/2020 0:00,1,,44991,TRUE,7,FALSE,31.6667,306,27.1952
62.25,6,1,4/12/2020 0:00,1,,44991,TRUE,7,FALSE,31.6667,307,27.1952
62.25,6,1,4/12/2020 0:00,1,,44991,TRUE,7,FALSE,31.6667,308,27.1952
62.25,6,1,4/12/2020 0:00,1,,44991,TRUE,7,FALSE,31.6667,309,27.1952
62.25,6,1,4/12/2020 0:00,1,,44991,TRUE,7,FALSE,31.6667,310,27.1952
62.25,6,1,4/12/2020 0:00,1,,44991,TRUE,7,FALSE,31.6667,311,27.1952
62.25,6,1,4/12/2020 0:00,1,,44991,TRUE,7,FALSE,31.6667,312,27.1952
62.25,6,1,4/12/2020 0:00,1,,44991,TRUE,7,FALSE,31.6667,313,27.1952
62.25,6,1,4/12/2020 0:00,1,,44991,TRUE,7,FALSE,31.6667,314,27.1952
62.25,6,1,4/12/2020 0:00,1,,44991,TRUE,7,FALSE,31.6667,315,27.1952
62.25,6,1,4/12/2020 0:00,1,,44991,TRUE,7,FALSE,31.6667,316,27.1952
62.25,6,1,4/12/2020 0:00,1,,44991,TRUE,7,FALSE,31.6667,317,27.1952
62.25,6,1,4/12/2020 0:00,1,,44991,TRUE,7,FALSE,31.6667,318,27.1952
62.25,6,1,4/12/2020 0:00,1,,44991,TRUE,7,FALSE,31.6667,319,27.1952
62.25,6,1,4/12/2020 0:00,1,,44991,TRUE,7,FALSE,31.6667,320,27.1952
62.25,6,1,4/12/2020 0:00,1,,44991,TRUE,7,FALSE,31.6667,321,27.1952
62.25,6,1,4/12/2020 0:00,1,,44991,TRUE,7,FALSE,31.6667,322,27.1952
62.25,6,1,4/12/2020 0:00,1,,44991,TRUE,7,FALSE,31.6667,323,27.1952
62.25,6,1,4/12/2020 0:00,1,,44991,TRUE,7,FALSE,31.6667,324,27.1952
62.25,6,1,4/12/2020 0:00,1,,44991,TRUE,7,FALSE,31.6667,325,27.1952
62.25,6,1,4/12/2020 0:00,1,,44991,TRUE,7,FALSE,31.6667,326,27.1952
62.25,6,1,4/12/2020 0:00,1,,44991,TRUE,7,FALSE,31.6667,327,27.1952
62.25,6,1,4/12/2020 0:00,1,,44991,TRUE,7,FALSE,31.6667,328,27.1952
62.25,6,1,4/12/2020 0:00,1,,44991,TRUE,7,FALSE,31.6667,329,27.1952
62.25,6,1,4/12/2020 0:00,1,,44991,TRUE,7,FALSE,31.6667,330,27.1952
62.25,6,1,4/12/2020 0:00,1,,44991,TRUE,7,FALSE,31.6667,331,27.1952
62.25,6,1,4/12/2020 0:00,1,,44991,TRUE,7,FALSE,31.6667,332,27.1952
62.25,6,1,4/12/2020 0:00,1,,44991,TRUE,7,FALSE,31.6667,333,27.1952
63.1,6,1,4/12/2020 0:00,1,,44993,TRUE,7,FALSE,42.5,334,29.04
62.9636,6,1,4/12/2020 0:00,1,,44995,TRUE,7,FALSE,42.5,335,29.0697
63,6,1,4/12/2020 0:00,1,,44997,TRUE,7,FALSE,42.5,336,29.1
63.05,6,1,4/12/2020 0:00,1,,44999,TRUE,7,FALSE,42.5,337,29.1
63.15,6,1,4/12/2020 0:00,1,,45001,TRUE,7,FALSE,42.5,338,29.1
63.2,6,1,4/12/2020 0:00,1,,45003,TRUE,7,FALSE,42.5,339,29.1
63.2,6,1,4/12/2020 0:00,1,,45005,TRUE,7,FALSE,42.5,340,29.1
63.2,6,1,4/12/2020 0:00,1,,45007,TRUE,7,FALSE,42.5,341,29.1
63.1333,6,1,4/12/2020 0:00,1,,45009,TRUE,7,FALSE,42.5,342,29.1
63.2,6,1,4/12/2020 0:00,1,,45011,TRUE,7,FALSE,42.5,343,29.1
63.2,6,1,4/12/2020 0:00,1,,45013,TRUE,7,FALSE,42.5,344,29.1
63.1,6,1,4/12/2020 0:00,1,,45015,TRUE,7,FALSE,42.5,345,29.1
63.1,6,1,4/12/2020 0:00,1,,45017,TRUE,7,FALSE,42.5,346,29.1
63.1,6,1,4/12/2020 0:00,1,,45019,TRUE,7,FALSE,42.5,347,29.1
63.1,6,1,4/12/2020 0:00,1,,45021,TRUE,7,FALSE,42.5,348,29.1
63.0833,6,1,4/12/2020 0:00,1,,45023,TRUE,7,FALSE,42.5,349,29.1042
63,6,1,4/12/2020 0:00,1,,45025,TRUE,7,FALSE,42.5,350,29.1
62.95,6,1,4/12/2020 0:00,1,,45027,TRUE,7,FALSE,42.5,351,29.1
62.9,6,1,4/12/2020 0:00,1,,45029,TRUE,7,FALSE,42.5,352,29.1
62.9,6,1,4/12/2020 0:00,1,,45031,TRUE,7,FALSE,42.5,353,29.1
62.95,6,1,4/12/2020 0:00,1,,45033,TRUE,7,FALSE,42.5,354,29.1
63,6,1,4/12/2020 0:00,1,,45035,TRUE,7,FALSE,42.5,355,29.1
63,6,1,4/12/2020 0:00,1,,45037,TRUE,7,FALSE,42.5,356,29.15
62.95,6,1,4/12/2020 0:00,1,,45039,TRUE,7,FALSE,42.5,357,29.15
62.9,6,1,4/12/2020 0:00,1,,45041,TRUE,7,FALSE,42.5,358,29.1
62.8667,6,1,4/12/2020 0:00,1,,45043,TRUE,7,FALSE,42.5,359,29.15
62.8,6,1,4/12/2020 0:00,1,,45045,TRUE,7,FALSE,42.5,360,29.15
63.11,6,1,4/12/2020 0:00,1,,45047,TRUE,7,FALSE,42.5,361,29.184
63.1,6,1,4/12/2020 0:00,1,,45049,TRUE,7,FALSE,42.5,362,29.2
63.1,6,1,4/12/2020 0:00,1,,45051,TRUE,7,FALSE,42.5,363,29.175
63.1,6,1,4/12/2020 0:00,1,,45053,TRUE,7,FALSE,42.5,364,29.2
63.1,6,1,4/12/2020 0:00,1,,45055,TRUE,7,FALSE,42.5,365,29.2
63.15,6,1,4/12/2020 0:00,1,,45057,TRUE,7,FALSE,42.5,366,29.2
63.275,6,1,4/12/2020 0:00,1,,45059,TRUE,7,FALSE,42.5,367,29.2
63.3,6,1,4/12/2020 0:00,1,,45061,TRUE,7,FALSE,42.5,368,29.2
63.3,6,1,4/12/2020 0:00,1,,45063,TRUE,7,FALSE,42.5,369,29.2
63.5111,6,1,4/12/2020 0:00,1,,45065,TRUE,7,FALSE,42.5,370,29.2
63.325,6,1,4/12/2020 0:00,1,,45067,FALSE,7,FALSE,5,371,29.2
63.625,6,1,4/12/2020 0:00,1,,45069,FALSE,7,TRUE,5,372,29.2
63.6562,6,1,4/12/2020 0:00,1,,45071,FALSE,7,FALSE,7,373,29.1875
63.45,6,1,4/12/2020 0:00,1,,45073,FALSE,7,FALSE,6,374,29.2
63.4,6,1,4/12/2020 0:00,1,,45075,FALSE,7,FALSE,5,375,29.2
63.4,6,1,4/12/2020 0:00,1,,45077,FALSE,7,FALSE,5,376,29.2
63.4,6,1,4/12/2020 0:00,1,,45079,FALSE,7,FALSE,5,377,29.2
63.55,6,1,4/12/2020 0:00,1,,45081,FALSE,7,FALSE,5,378,29.25
63.6,6,1,4/12/2020 0:00,1,,45083,FALSE,7,FALSE,7,379,29.2
63.5,6,1,4/12/2020 0:00,1,,45085,FALSE,7,FALSE,10,380,29.2
63.5,7,1,4/12/2020 0:00,1,,45087,FALSE,7,FALSE,20,381,29.2
63.5,7,1,4/12/2020 0:00,1,,45087,FALSE,7,FALSE,20,382,29.2
63.5,7,1,4/12/2020 0:00,1,,45087,FALSE,7,FALSE,20,383,29.2
63.5,7,1,4/12/2020 0:00,1,,45087,FALSE,7,FALSE,20,384,29.2
63.5,7,1,4/12/2020 0:00,1,,45087,FALSE,7,FALSE,20,385,29.2
63.5,7,1,4/12/2020 0:00,1,,45087,FALSE,7,FALSE,20,386,29.2
63.5,7,1,4/12/2020 0:00,1,,45087,FALSE,7,FALSE,20,387,29.2
63.5,7,1,4/12/2020 0:00,1,,45087,FALSE,7,FALSE,20,388,29.2
63.5,7,1,4/12/2020 0:00,1,,45087,FALSE,7,FALSE,20,389,29.2
63.5,7,1,4/12/2020 0:00,1,,45087,FALSE,7,FALSE,20,390,29.2
63.5,7,1,4/12/2020 0:00,1,,45087,FALSE,7,FALSE,20,391,29.2
63.5,7,1,4/12/2020 0:00,1,,45087,FALSE,7,FALSE,20,392,29.2
63.5,7,1,4/12/2020 0:00,1,,45087,FALSE,7,FALSE,20,393,29.2
63.5,7,1,4/12/2020 0:00,1,,45087,FALSE,7,FALSE,20,394,29.2
63.5,7,1,4/12/2020 0:00,1,,45087,FALSE,7,FALSE,20,395,29.2
63.5,7,1,4/12/2020 0:00,1,,45087,FALSE,7,FALSE,20,396,29.2
63.5,7,1,4/12/2020 0:00,1,,45087,FALSE,7,FALSE,40,397,29.2
63.5,7,1,4/12/2020 0:00,1,,45087,FALSE,7,FALSE,40,398,29.2
63.5,7,1,4/12/2020 0:00,1,,45087,FALSE,7,FALSE,40,399,29.2
63.5,7,1,4/12/2020 0:00,1,,45087,FALSE,7,FALSE,40,400,29.2
63.5,7,1,4/12/2020 0:00,1,,45087,FALSE,7,FALSE,40,401,29.2
63.5,7,1,4/12/2020 0:00,1,,45087,FALSE,7,FALSE,40,402,29.2
63.5,7,1,4/12/2020 0:00,1,,45087,FALSE,7,FALSE,40,403,29.2
63.5,7,1,4/12/2020 0:00,1,,45087,FALSE,7,FALSE,40,404,29.2
63.5,7,1,4/12/2020 0:00,1,,45087,FALSE,7,FALSE,40,405,29.2
63.5,7,1,4/12/2020 0:00,1,,45087,FALSE,7,FALSE,40,406,29.2
63.5,7,1,4/12/2020 0:00,1,,45087,FALSE,7,FALSE,40,407,29.2
63.5,7,1,4/12/2020 0:00,1,,45087,FALSE,7,FALSE,40,408,29.2
63.5,7,1,4/12/2020 0:00,1,,45087,FALSE,7,FALSE,40,409,29.2
63.5,7,1,4/12/2020 0:00,1,,45087,FALSE,7,FALSE,40,410,29.2
63.5,7,1,4/12/2020 0:00,1,,45087,FALSE,7,FALSE,40,411,29.2
63.5,7,1,4/12/2020 0:00,1,,45087,FALSE,7,FALSE,40,412,29.2
63.5,7,1,4/12/2020 0:00,1,,45087,FALSE,7,FALSE,40,413,29.2
63.5,7,1,4/12/2020 0:00,1,,45087,FALSE,7,FALSE,40,414,29.2
63.5,7,1,4/12/2020 0:00,1,,45087,FALSE,7,FALSE,40,415,29.2
63.5,7,1,4/12/2020 0:00,1,,45087,FALSE,7,FALSE,40,416,29.2
63.5,7,1,4/12/2020 0:00,1,,45087,FALSE,7,FALSE,40,417,29.2
63.5,7,1,4/12/2020 0:00,1,,45087,FALSE,7,FALSE,40,418,29.2
63.5,7,1,4/12/2020 0:00,1,,45087,FALSE,7,FALSE,40,419,29.2
63.5,7,1,4/12/2020 0:00,1,,45087,FALSE,7,FALSE,40,420,29.2
63.5,7,1,4/12/2020 0:00,1,,45087,FALSE,7,FALSE,40,421,29.2
63.5,7,1,4/12/2020 0:00,1,,45087,FALSE,7,FALSE,40,422,29.2
63.5,7,1,4/12/2020 0:00,1,,45087,FALSE,7,FALSE,40,423,29.2
63.5,7,1,4/12/2020 0:00,1,,45087,FALSE,7,FALSE,40,424,29.2
63.5,7,1,4/12/2020 0:00,1,,45087,FALSE,7,FALSE,40,425,29.2
63.5,7,1,4/12/2020 0:00,1,,45087,FALSE,7,FALSE,40,426,29.2
63.5,7,1,4/12/2020 0:00,1,,45087,FALSE,7,FALSE,40,427,29.2
63.5,7,1,4/12/2020 0:00,1,,45087,FALSE,7,FALSE,40,428,29.2
63.5,7,1,4/12/2020 0:00,1,,45087,FALSE,7,FALSE,40,429,29.2
63.5,7,1,4/12/2020 0:00,1,,45087,FALSE,7,FALSE,40,430,29.2
63.5,7,1,4/12/2020 0:00,1,,45087,FALSE,7,FALSE,40,431,29.2
63.5,7,1,4/12/2020 0:00,1,,45087,FALSE,7,FALSE,40,432,29.2
63.5,7,1,4/12/2020 0:00,1,,45087,FALSE,7,FALSE,40,433,29.2
63.5,7,1,4/12/2020 0:00,1,,45087,FALSE,7,FALSE,40,434,29.2
63.5,7,1,4/12/2020 0:00,1,,45087,FALSE,7,FALSE,40,435,29.2
63.5,7,1,4/12/2020 0:00,1,,45087,FALSE,7,FALSE,40,436,29.2
63.5,7,1,4/12/2020 0:00,1,,45087,FALSE,7,FALSE,40,437,29.2
63.5,7,1,4/12/2020 0:00,1,,45087,FALSE,7,FALSE,40,438,29.2
63.5,7,1,4/12/2020 0:00,1,,45087,FALSE,7,FALSE,40,439,29.2
63.5,7,1,4/12/2020 0:00,1,,45087,FALSE,7,FALSE,40,440,29.2
63.5,7,1,4/12/2020 0:00,1,,45087,FALSE,7,FALSE,40,441,29.2
63.5,7,1,4/12/2020 0:00,1,,45087,FALSE,7,FALSE,40,442,29.2
63.5,7,1,4/12/2020 0:00,1,,45087,FALSE,7,FALSE,40,443,29.2
63.5,7,1,4/12/2020 0:00,1,,45087,FALSE,7,FALSE,40,444,29.2
63.5,7,1,4/12/2020 0:00,1,,45087,FALSE,7,FALSE,40,445,29.2
63.5,7,1,4/12/2020 0:00,1,,45087,FALSE,7,FALSE,40,446,29.2
63.5,7,1,4/12/2020 0:00,1,,45087,FALSE,7,FALSE,40,447,29.2
63.5,7,1,4/12/2020 0:00,1,,45087,FALSE,7,FALSE,40,448,29.2
63.5,7,1,4/12/2020 0:00,1,,45087,FALSE,7,FALSE,40,449,29.2
63.5,7,1,4/12/2020 0:00,1,,45087,FALSE,7,FALSE,40,450,29.2
63.5,7,1,4/12/2020 0:00,1,,45087,FALSE,7,FALSE,40,451,29.2
63.5,7,1,4/12/2020 0:00,1,,45087,FALSE,7,FALSE,42.5,452,29.2
75.7,7,1,4/12/2020 0:00,1,,45089,FALSE,7,TRUE,55,453,30.05
75.7,7,1,4/12/2020 0:00,1,,45091,FALSE,7,TRUE,57.9167,454,30
75.65,7,1,4/12/2020 0:00,1,,45093,FALSE,7,FALSE,61.6667,455,30
75.6,7,1,4/12/2020 0:00,1,,45095,FALSE,7,FALSE,63.3333,456,30.05
75.65,7,1,4/12/2020 0:00,1,,45097,FALSE,7,FALSE,64.1667,457,30
75.6,7,1,4/12/2020 0:00,1,,45099,FALSE,7,FALSE,61.6667,458,30
75.65,7,1,4/12/2020 0:00,1,,45101,FALSE,7,FALSE,55,459,30.05
75.65,7,1,4/12/2020 0:00,1,,45103,FALSE,7,FALSE,49.1667,460,30
75.7,7,1,4/12/2020 0:00,1,,45105,FALSE,7,FALSE,46.6667,461,30
75.7,7,1,4/12/2020 0:00,1,,45107,FALSE,7,TRUE,44.1667,462,30
75.75,7,1,4/12/2020 0:00,1,,45109,FALSE,7,FALSE,40.4167,463,30
75.3154,7,1,4/12/2020 0:00,1,,45111,FALSE,7,FALSE,31.859,464,30
75.05,7,1,4/12/2020 0:00,1,,45113,FALSE,7,TRUE,27.5,465,30
75.2684,7,1,4/12/2020 0:00,1,,45115,FALSE,7,FALSE,26.7544,466,30.0053
75.3333,7,1,4/12/2020 0:00,1,,45117,FALSE,7,FALSE,25.8333,467,30
75.45,7,1,4/12/2020 0:00,1,,45119,FALSE,7,FALSE,25.8333,468,30
75.5333,7,1,4/12/2020 0:00,1,,45121,FALSE,7,FALSE,25.8333,469,30
75.4,7,1,4/12/2020 0:00,1,,45123,FALSE,7,FALSE,25.8333,470,30
75.3625,7,1,4/12/2020 0:00,1,,45125,FALSE,7,FALSE,25.8333,471,30
75.3,7,1,4/12/2020 0:00,1,,45127,FALSE,7,FALSE,26.6667,472,30
75.3,7,1,4/12/2020 0:00,1,,45127,FALSE,7,FALSE,26.6667,473,30
75.3,7,1,4/12/2020 0:00,1,,45127,FALSE,7,FALSE,26.6667,474,30
75.3,7,1,4/12/2020 0:00,1,,45127,FALSE,7,FALSE,26.6667,475,30
75.3,7,1,4/12/2020 0:00,1,,45127,FALSE,7,FALSE,26.6667,476,30
75.3,7,1,4/12/2020 0:00,1,,45127,FALSE,7,FALSE,26.6667,477,30
75.3,7,1,4/12/2020 0:00,1,,45127,FALSE,7,FALSE,26.6667,478,30
75.3,7,1,4/12/2020 0:00,1,,45127,FALSE,7,FALSE,26.6667,479,30
75.3,7,1,4/12/2020 0:00,1,,45127,FALSE,7,FALSE,26.6667,480,30
75.3,7,1,4/12/2020 0:00,1,,45127,FALSE,7,FALSE,26.6667,481,30
75.3,7,1,4/12/2020 0:00,1,,45127,FALSE,7,FALSE,26.6667,482,30
75.3,7,1,4/12/2020 0:00,1,,45127,FALSE,7,FALSE,26.6667,483,30
75.3,7,1,4/12/2020 0:00,1,,45127,FALSE,7,FALSE,26.6667,484,30
75.3,7,1,4/12/2020 0:00,1,,45127,FALSE,7,FALSE,26.6667,485,30
75.3,7,1,4/12/2020 0:00,1,,45127,FALSE,7,FALSE,26.6667,486,30
75.3,7,1,4/12/2020 0:00,1,,45127,FALSE,7,FALSE,26.6667,487,30
75.3,7,1,4/12/2020 0:00,1,,45127,FALSE,7,FALSE,26.6667,488,30
75.3,7,1,4/12/2020 0:00,1,,45127,FALSE,7,FALSE,26.6667,489,30
75.3,7,1,4/12/2020 0:00,1,,45127,FALSE,7,FALSE,26.6667,490,30
75.3,7,1,4/12/2020 0:00,1,,45127,FALSE,7,FALSE,26.6667,491,30
75.3,7,1,4/12/2020 0:00,1,,45127,FALSE,7,FALSE,26.6667,492,30
75.3,7,1,4/12/2020 0:00,1,,45127,FALSE,7,FALSE,26.6667,493,30
75.3,7,1,4/12/2020 0:00,1,,45127,FALSE,7,FALSE,26.6667,494,30
75.3,7,1,4/12/2020 0:00,1,,45127,FALSE,7,FALSE,26.6667,495,30
75.3,7,1,4/12/2020 0:00,1,,45127,FALSE,7,FALSE,26.6667,496,30
75.3,7,1,4/12/2020 0:00,1,,45127,FALSE,7,FALSE,26.6667,497,30
75.3,7,1,4/12/2020 0:00,1,,45127,FALSE,7,FALSE,26.6667,498,30
75.3,7,1,4/12/2020 0:00,1,,45127,FALSE,7,FALSE,26.6667,499,30
75.3,7,1,4/12/2020 0:00,1,,45127,FALSE,7,FALSE,26.6667,500,30
75.3,7,1,4/12/2020 0:00,1,,45127,FALSE,7,FALSE,26.6667,501,30
75.3,7,1,4/12/2020 0:00,1,,45127,FALSE,7,FALSE,26.6667,502,30
75.3,7,1,4/12/2020 0:00,1,,45127,FALSE,7,FALSE,26.6667,503,30
75.3,7,1,4/12/2020 0:00,1,,45127,FALSE,7,FALSE,26.6667,504,30
75.3,7,1,4/12/2020 0:00,1,,45127,FALSE,7,FALSE,26.6667,505,30
75.3,7,1,4/12/2020 0:00,1,,45127,FALSE,7,FALSE,26.6667,506,30
75.3,7,1,4/12/2020 0:00,1,,45127,FALSE,7,FALSE,26.6667,507,30
75.3,7,1,4/12/2020 0:00,1,,45127,FALSE,7,FALSE,26.6667,508,30
75.3,7,1,4/12/2020 0:00,1,,45127,FALSE,7,FALSE,26.6667,509,30
75.3,7,1,4/12/2020 0:00,1,,45127,FALSE,7,FALSE,26.6667,510,30
75.3,7,1,4/12/2020 0:00,1,,45127,FALSE,7,FALSE,26.6667,511,30
75.3,7,1,4/12/2020 0:00,1,,45127,FALSE,7,FALSE,26.6667,512,30
75.3,7,1,4/12/2020 0:00,1,,45127,FALSE,7,FALSE,26.6667,513,30
75.3,7,1,4/12/2020 0:00,1,,45127,FALSE,7,FALSE,53.3333,514,30
75.3,7,1,4/12/2020 0:00,1,,45127,FALSE,7,FALSE,53.3333,515,30
75.3,7,1,4/12/2020 0:00,1,,45127,FALSE,7,FALSE,53.3333,516,30
75.3,7,1,4/12/2020 0:00,1,,45127,FALSE,7,FALSE,53.3333,517,30
75.3,7,1,4/12/2020 0:00,1,,45127,FALSE,7,FALSE,53.3333,518,30
75.3,7,1,4/12/2020 0:00,1,,45127,FALSE,7,FALSE,53.3333,519,30
75.3,7,1,4/12/2020 0:00,1,,45127,FALSE,7,FALSE,53.3333,520,30
75.3,7,1,4/12/2020 0:00,1,,45127,FALSE,7,FALSE,53.3333,521,30
75.3,7,1,4/12/2020 0:00,1,,45127,FALSE,7,FALSE,53.3333,522,30
75.3,7,1,4/12/2020 0:00,1,,45127,FALSE,7,FALSE,53.3333,523,30
75.3,7,1,4/12/2020 0:00,1,,45127,FALSE,7,FALSE,53.3333,524,30
75.3,7,1,4/12/2020 0:00,1,,45127,FALSE,7,FALSE,53.3333,525,30
75.3,7,1,4/12/2020 0:00,1,,45127,FALSE,7,FALSE,53.3333,526,30
75.3,7,1,4/12/2020 0:00,1,,45127,FALSE,7,FALSE,53.3333,527,30
75.3,7,1,4/12/2020 0:00,1,,45127,FALSE,7,FALSE,53.3333,528,30
75.3,7,1,4/12/2020 0:00,1,,45127,FALSE,7,FALSE,53.3333,529,30
75.3,7,1,4/12/2020 0:00,1,,45127,FALSE,7,FALSE,53.3333,530,30
75.3,7,1,4/12/2020 0:00,1,,45127,FALSE,7,FALSE,53.3333,531,30
75.3,7,1,4/12/2020 0:00,1,,45127,FALSE,7,FALSE,53.3333,532,30
75.3,7,1,4/12/2020 0:00,1,,45127,FALSE,7,FALSE,53.3333,533,30
75.3,7,1,4/12/2020 0:00,1,,45127,FALSE,7,FALSE,53.3333,534,30
75.3,7,1,4/12/2020 0:00,1,,45127,FALSE,7,FALSE,53.3333,535,30
75.3,7,1,4/12/2020 0:00,1,,45127,FALSE,7,FALSE,53.3333,536,30
75.3,7,1,4/12/2020 0:00,1,,45127,FALSE,7,FALSE,53.3333,537,30
75.3,7,1,4/12/2020 0:00,1,,45127,FALSE,7,FALSE,53.3333,538,30
75.3,7,1,4/12/2020 0:00,1,,45127,FALSE,7,FALSE,53.3333,539,30
75.3,7,1,4/12/2020 0:00,1,,45127,FALSE,7,FALSE,53.3333,540,30
75.3,7,1,4/12/2020 0:00,1,,45127,FALSE,7,FALSE,53.3333,541,30
75.3,7,1,4/12/2020 0:00,1,,45127,FALSE,7,FALSE,53.3333,542,30
75.3,7,1,4/12/2020 0:00,1,,45127,FALSE,7,FALSE,53.3333,543,30
75.3,7,1,4/12/2020 0:00,1,,45127,FALSE,7,FALSE,53.3333,544,30
75.3,7,1,4/12/2020 0:00,1,,45127,FALSE,7,FALSE,53.3333,545,30
75.3,7,1,4/12/2020 0:00,1,,45127,FALSE,7,FALSE,53.3333,546,30
75.3,7,1,4/12/2020 0:00,1,,45127,FALSE,7,FALSE,53.3333,547,30
75.3,7,1,4/12/2020 0:00,1,,45127,FALSE,7,FALSE,53.3333,548,30
75.3,7,1,4/12/2020 0:00,1,,45127,FALSE,7,FALSE,53.3333,549,30
75.3,7,1,4/12/2020 0:00,1,,45127,FALSE,7,FALSE,53.3333,550,30
75.3,7,1,4/12/2020 0:00,1,,45127,FALSE,7,FALSE,53.3333,551,30
75.3,7,1,4/12/2020 0:00,1,,45127,FALSE,7,FALSE,53.3333,552,30
75.3,7,1,4/12/2020 0:00,1,,45127,FALSE,7,FALSE,53.3333,553,30
75.3,7,1,4/12/2020 0:00,1,,45127,FALSE,7,FALSE,53.3333,554,30
75.3,7,1,4/12/2020 0:00,1,,45127,FALSE,7,FALSE,53.3333,555,30
75.3,7,1,4/12/2020 0:00,1,,45127,FALSE,7,FALSE,53.3333,556,30
75.3,7,1,4/12/2020 0:00,1,,45127,FALSE,7,FALSE,53.3333,557,30
75.3,7,1,4/12/2020 0:00,1,,45127,FALSE,7,FALSE,53.3333,558,30
75.3,7,1,4/12/2020 0:00,1,,45127,FALSE,7,FALSE,53.3333,559,30
75.3,7,1,4/12/2020 0:00,1,,45127,FALSE,7,FALSE,53.3333,560,30
75.3,7,1,4/12/2020 0:00,1,,45127,FALSE,7,FALSE,53.3333,561,30
75.3,7,1,4/12/2020 0:00,1,,45127,FALSE,7,FALSE,53.3333,562,30
73.3444,7,1,4/12/2020 0:00,1,,45129,FALSE,7,TRUE,53.3333,563,30.7556
62.25,7,1,4/12/2020 9:49,1,,45539,FALSE,7,TRUE,53.3333,564,32.9
62.25,7,1,4/12/2020 9:49,1,,45539,FALSE,7,TRUE,53.3333,565,32.9
62.25,7,1,4/12/2020 9:49,1,,45539,FALSE,7,TRUE,53.3333,566,32.9
62.25,7,1,4/12/2020 9:49,1,,45539,FALSE,7,TRUE,53.3333,567,32.9
62.25,7,1,4/12/2020 9:49,1,,45539,FALSE,7,TRUE,53.3333,568,32.9
62.25,7,1,4/12/2020 9:49,1,,45539,FALSE,7,TRUE,53.3333,569,32.9
62.25,7,1,4/12/2020 9:49,1,,45539,FALSE,7,TRUE,53.3333,570,32.9
62.25,7,1,4/12/2020 9:49,1,,45539,FALSE,7,TRUE,53.3333,571,32.9
62.25,7,1,4/12/2020 9:49,1,,45539,FALSE,7,TRUE,53.3333,572,32.9
62.25,7,1,4/12/2020 9:49,1,,45539,FALSE,7,TRUE,53.3333,573,32.9
62.25,7,1,4/12/2020 9:49,1,,45539,FALSE,7,TRUE,53.3333,574,32.9
62.25,7,1,4/12/2020 9:49,1,,45539,FALSE,7,TRUE,53.3333,575,32.9
62.25,7,1,4/12/2020 9:49,1,,45539,FALSE,7,TRUE,53.3333,576,32.9
62.25,7,1,4/12/2020 9:49,1,,45539,FALSE,7,TRUE,53.3333,577,32.9
62.25,7,1,4/12/2020 9:49,1,,45539,FALSE,7,TRUE,53.3333,578,32.9
62.25,7,1,4/12/2020 9:49,1,,45539,FALSE,7,TRUE,53.3333,579,32.9
62.25,7,1,4/12/2020 9:49,1,,45539,FALSE,7,TRUE,53.3333,580,32.9
62.25,7,1,4/12/2020 9:49,1,,45539,FALSE,7,TRUE,53.3333,581,32.9
62.25,7,1,4/12/2020 9:49,1,,45539,FALSE,7,TRUE,53.3333,582,32.9
62.0714,7,1,4/12/2020 9:49,1,,45541,FALSE,7,TRUE,53.3333,583,32.9
61.9714,7,1,4/12/2020 9:50,1,,45543,FALSE,7,TRUE,53.3333,584,32.9
61.95,7,1,4/12/2020 9:50,1,,45545,FALSE,7,TRUE,53.3333,585,32.9
61.9,7,1,4/12/2020 9:50,1,,45547,FALSE,7,TRUE,53.3333,586,32.9
61.9,7,1,4/12/2020 9:50,1,,45549,FALSE,7,FALSE,53.3333,587,32.9
61.9,7,1,4/12/2020 9:50,1,,45551,FALSE,7,TRUE,53.3333,588,32.9
61.8833,7,1,4/12/2020 9:51,1,,45553,FALSE,7,TRUE,53.3333,589,32.9083
61.8,7,1,4/12/2020 9:51,1,,45555,FALSE,7,FALSE,53.3333,590,32.9
62.0256,7,1,4/12/2020 9:53,1,,45557,FALSE,7,TRUE,53.3333,591,32.9154
61.8667,7,1,4/12/2020 9:53,1,,45559,FALSE,7,TRUE,53.3333,592,32.9333
61.9,7,1,4/12/2020 9:53,1,,45561,FALSE,7,TRUE,53.3333,593,33
61.7545,7,1,4/12/2020 9:54,1,,45563,FALSE,7,TRUE,53.3333,594,32.9364
61.7125,7,1,4/12/2020 9:54,1,,45565,FALSE,7,TRUE,53.3333,595,32.975
61.7,7,1,4/12/2020 9:55,1,,45567,FALSE,7,TRUE,53.3333,596,33
61.75,7,1,4/12/2020 9:55,1,,45569,FALSE,7,TRUE,53.3333,597,32.95
61.75,7,1,4/12/2020 9:55,1,,45569,FALSE,7,TRUE,53.3333,598,32.95
61.75,7,1,4/12/2020 9:55,1,,45569,FALSE,7,TRUE,53.3333,599,32.95
61.75,7,1,4/12/2020 9:55,1,,45569,FALSE,7,TRUE,53.3333,600,32.95
61.75,7,1,4/12/2020 9:55,1,,45569,FALSE,7,TRUE,53.3333,601,32.95
61.75,7,1,4/12/2020 9:55,1,,45569,FALSE,7,TRUE,53.3333,602,32.95
61.75,7,1,4/12/2020 9:55,1,,45569,FALSE,7,TRUE,53.3333,603,32.95
61.75,7,1,4/12/2020 9:55,1,,45569,FALSE,7,TRUE,53.3333,604,32.95
61.75,7,1,4/12/2020 9:55,1,,45569,FALSE,7,TRUE,53.3333,605,32.95
61.75,7,1,4/12/2020 9:55,1,,45569,FALSE,7,TRUE,53.3333,606,32.95
61.75,7,1,4/12/2020 9:55,1,,45569,FALSE,7,TRUE,53.3333,607,32.95
61.75,7,1,4/12/2020 9:55,1,,45569,FALSE,7,TRUE,53.3333,608,32.95
61.75,7,1,4/12/2020 9:55,1,,45569,FALSE,7,TRUE,53.3333,609,32.95
61.75,7,1,4/12/2020 9:55,1,,45569,FALSE,7,TRUE,53.3333,610,32.95
61.75,7,1,4/12/2020 9:55,1,,45569,FALSE,7,TRUE,53.3333,611,32.95
61.75,7,1,4/12/2020 9:55,1,,45569,FALSE,7,TRUE,53.3333,612,32.95
61.75,7,1,4/12/2020 9:55,1,,45569,FALSE,7,TRUE,53.3333,613,32.95
61.75,7,1,4/12/2020 9:55,1,,45569,FALSE,7,TRUE,53.3333,614,32.95
61.75,7,1,4/12/2020 9:55,1,,45569,FALSE,7,TRUE,53.3333,615,32.95
61.75,7,1,4/12/2020 9:55,1,,45569,FALSE,7,TRUE,53.3333,616,32.95
61.75,7,1,4/12/2020 9:55,1,,45569,FALSE,7,TRUE,53.3333,617,32.95
61.75,7,1,4/12/2020 9:55,1,,45569,FALSE,7,TRUE,53.3333,618,32.95
61.75,7,1,4/12/2020 9:55,1,,45569,FALSE,7,TRUE,53.3333,619,32.95
61.75,7,1,4/12/2020 9:55,1,,45569,FALSE,7,TRUE,53.3333,620,32.95
61.75,7,1,4/12/2020 9:55,1,,45569,FALSE,7,TRUE,53.3333,621,32.95
61.75,7,1,4/12/2020 9:55,1,,45569,FALSE,7,TRUE,53.3333,622,32.95
61.75,7,1,4/12/2020 9:55,1,,45569,FALSE,7,TRUE,53.3333,623,32.95
61.75,7,1,4/12/2020 9:55,1,,45569,FALSE,7,TRUE,53.3333,624,32.95
61.75,7,1,4/12/2020 9:55,1,,45569,FALSE,7,TRUE,53.3333,625,32.95
61.75,7,1,4/12/2020 9:55,1,,45569,FALSE,7,TRUE,53.3333,626,32.95
61.75,7,1,4/12/2020 9:55,1,,45569,FALSE,7,TRUE,53.3333,627,32.95
61.75,7,1,4/12/2020 9:55,1,,45569,FALSE,7,TRUE,53.3333,628,32.95
61.75,7,1,4/12/2020 9:55,1,,45569,FALSE,7,TRUE,53.3333,629,32.95
61.75,7,1,4/12/2020 9:55,1,,45569,FALSE,7,TRUE,53.3333,630,32.95
61.75,7,1,4/12/2020 9:55,1,,45569,FALSE,7,TRUE,53.3333,631,32.95
61.75,7,1,4/12/2020 9:55,1,,45569,FALSE,7,TRUE,53.3333,632,32.95
61.75,7,1,4/12/2020 9:55,1,,45569,FALSE,7,TRUE,53.3333,633,32.95
61.75,7,1,4/12/2020 9:55,1,,45569,FALSE,7,TRUE,53.3333,634,32.95
61.75,7,1,4/12/2020 9:55,1,,45569,FALSE,7,TRUE,53.3333,635,32.95
61.75,7,1,4/12/2020 9:55,1,,45569,FALSE,7,TRUE,53.3333,636,32.95
61.75,7,1,4/12/2020 9:55,1,,45569,FALSE,7,TRUE,53.3333,637,32.95
61.75,7,1,4/12/2020 9:55,1,,45569,FALSE,7,TRUE,53.3333,638,32.95
61.75,7,1,4/12/2020 9:55,1,,45569,FALSE,7,TRUE,53.3333,639,32.95
61.75,7,1,4/12/2020 9:55,1,,45569,FALSE,7,TRUE,53.3333,640,32.95
61.75,7,1,4/12/2020 9:55,1,,45569,FALSE,7,TRUE,53.3333,641,32.95
61.75,7,1,4/12/2020 9:55,1,,45569,FALSE,7,TRUE,53.3333,642,32.95
61.75,7,1,4/12/2020 9:55,1,,45569,FALSE,7,TRUE,53.3333,643,32.95
61.75,7,1,4/12/2020 9:55,1,,45569,FALSE,7,TRUE,53.3333,644,32.95
61.75,7,1,4/12/2020 9:55,1,,45569,FALSE,7,TRUE,53.3333,645,32.95
61.75,7,1,4/12/2020 9:55,1,,45569,FALSE,7,TRUE,53.3333,646,32.95
61.75,7,1,4/12/2020 9:55,1,,45569,FALSE,7,TRUE,53.3333,647,32.95
61.75,7,1,4/12/2020 9:55,1,,45569,FALSE,7,TRUE,53.3333,648,32.95
61.75,7,1,4/12/2020 9:55,1,,45569,FALSE,7,TRUE,53.3333,649,32.95
61.75,7,1,4/12/2020 9:55,1,,45569,FALSE,7,TRUE,53.3333,650,32.95
61.75,7,1,4/12/2020 9:55,1,,45569,FALSE,7,TRUE,53.3333,651,32.95
61.75,7,1,4/12/2020 9:55,1,,45569,FALSE,7,TRUE,53.3333,652,32.95
61.75,7,1,4/12/2020 9:55,1,,45569,FALSE,7,TRUE,53.3333,653,32.95
61.75,7,1,4/12/2020 9:55,1,,45569,FALSE,7,TRUE,53.3333,654,32.95
61.75,7,1,4/12/2020 9:55,1,,45569,FALSE,7,TRUE,53.3333,655,32.95
61.75,7,1,4/12/2020 9:55,1,,45569,FALSE,7,TRUE,53.3333,656,32.95
61.75,7,1,4/12/2020 9:55,1,,45569,FALSE,7,TRUE,53.3333,657,32.95
61.75,7,1,4/12/2020 9:55,1,,45569,FALSE,7,TRUE,53.3333,658,32.95
61.75,7,1,4/12/2020 9:55,1,,45569,FALSE,7,TRUE,53.3333,659,32.95
61.75,7,1,4/12/2020 9:55,1,,45569,FALSE,7,TRUE,53.3333,660,32.95
61.75,7,1,4/12/2020 9:55,1,,45569,FALSE,7,TRUE,53.3333,661,32.95
61.75,7,1,4/12/2020 9:55,1,,45569,FALSE,7,TRUE,53.3333,662,32.95
61.75,7,1,4/12/2020 9:55,1,,45569,FALSE,7,TRUE,53.3333,663,32.95
61.75,7,1,4/12/2020 9:55,1,,45569,FALSE,7,TRUE,53.3333,664,32.95
61.75,7,1,4/12/2020 9:55,1,,45569,FALSE,7,TRUE,53.3333,665,32.95
61.75,7,1,4/12/2020 9:55,1,,45569,FALSE,7,TRUE,53.3333,666,32.95
61.75,7,1,4/12/2020 9:55,1,,45569,FALSE,7,TRUE,53.3333,667,32.95
61.75,7,1,4/12/2020 9:55,1,,45569,FALSE,7,TRUE,53.3333,668,32.95
61.75,7,1,4/12/2020 9:55,1,,45569,FALSE,7,TRUE,53.3333,669,32.95
61.75,7,1,4/12/2020 9:55,1,,45569,FALSE,7,TRUE,53.3333,670,32.95
61.75,7,1,4/12/2020 9:55,1,,45569,FALSE,7,TRUE,53.3333,671,32.95
61.75,7,1,4/12/2020 9:55,1,,45569,FALSE,7,TRUE,53.3333,672,32.95
61.75,7,1,4/12/2020 9:55,1,,45569,FALSE,7,TRUE,53.3333,673,32.95
61.75,7,1,4/12/2020 9:55,1,,45569,FALSE,7,TRUE,53.3333,674,32.95
61.75,7,1,4/12/2020 9:55,1,,45569,FALSE,7,TRUE,53.3333,675,32.95
61.75,7,1,4/12/2020 9:55,1,,45569,FALSE,7,TRUE,53.3333,676,32.95
61.75,7,1,4/12/2020 9:55,1,,45569,FALSE,7,TRUE,53.3333,677,32.95
61.75,7,1,4/12/2020 9:55,1,,45569,FALSE,7,TRUE,53.3333,678,32.95
61.75,7,1,4/12/2020 9:55,1,,45569,FALSE,7,TRUE,53.3333,679,32.95
61.75,7,1,4/12/2020 9:55,1,,45569,FALSE,7,TRUE,53.3333,680,32.95
61.75,7,1,4/12/2020 9:55,1,,45569,FALSE,7,TRUE,53.3333,681,32.95
61.75,7,1,4/12/2020 9:55,1,,45569,FALSE,7,TRUE,53.3333,682,32.95
61.75,7,1,4/12/2020 9:55,1,,45569,FALSE,7,TRUE,53.3333,683,32.95
61.75,7,1,4/12/2020 9:55,1,,45569,FALSE,7,TRUE,53.3333,684,32.95
61.75,7,1,4/12/2020 9:55,1,,45569,FALSE,7,TRUE,53.3333,685,32.95
61.75,7,1,4/12/2020 9:55,1,,45569,FALSE,7,TRUE,53.3333,686,32.95
61.75,7,1,4/12/2020 9:55,1,,45569,FALSE,7,TRUE,53.3333,687,32.95
61.75,7,1,4/12/2020 9:55,1,,45569,FALSE,7,TRUE,53.3333,688,32.95
61.75,7,1,4/12/2020 9:55,1,,45569,FALSE,7,TRUE,53.3333,689,32.95
61.75,7,1,4/12/2020 9:55,1,,45569,FALSE,7,TRUE,53.3333,690,32.95
61.75,7,1,4/12/2020 9:55,1,,45569,FALSE,7,TRUE,53.3333,691,32.95
61.75,7,1,4/12/2020 9:55,1,,45569,FALSE,7,TRUE,53.3333,692,32.95
61.75,7,1,4/12/2020 9:55,1,,45569,FALSE,7,TRUE,53.3333,693,32.95
61.75,7,1,4/12/2020 9:55,1,,45569,FALSE,7,TRUE,53.3333,694,32.95
61.75,7,1,4/12/2020 9:55,1,,45569,FALSE,7,TRUE,53.3333,695,32.95
61.75,7,1,4/12/2020 9:55,1,,45569,FALSE,7,TRUE,53.3333,696,32.95
61.75,7,1,4/12/2020 9:55,1,,45569,FALSE,7,TRUE,53.3333,697,32.95
61.75,7,1,4/12/2020 9:55,1,,45569,FALSE,7,TRUE,53.3333,698,32.95
61.75,7,1,4/12/2020 9:55,1,,45569,FALSE,7,TRUE,53.3333,699,32.95
61.75,7,1,4/12/2020 9:55,1,,45569,FALSE,7,TRUE,53.3333,700,32.95
61.75,7,1,4/12/2020 9:55,1,,45569,FALSE,7,TRUE,53.3333,701,32.95
61.75,7,1,4/12/2020 9:55,1,,45569,FALSE,7,TRUE,53.3333,702,32.95
61.75,7,1,4/12/2020 9:55,1,,45569,FALSE,7,TRUE,53.3333,703,32.95
61.75,7,1,4/12/2020 9:55,1,,45569,FALSE,7,TRUE,53.3333,704,32.95
61.75,7,1,4/12/2020 9:55,1,,45569,FALSE,7,TRUE,53.3333,705,32.95
61.75,7,1,4/12/2020 9:55,1,,45569,FALSE,7,TRUE,53.3333,706,32.95
61.75,7,1,4/12/2020 9:55,1,,45569,FALSE,7,TRUE,53.3333,707,32.95
61.75,7,1,4/12/2020 9:55,1,,45569,FALSE,7,TRUE,53.3333,708,32.95
61.75,7,1,4/12/2020 9:55,1,,45569,FALSE,7,TRUE,53.3333,709,32.95
61.75,7,1,4/12/2020 9:55,1,,45569,FALSE,7,TRUE,53.3333,710,32.95
61.75,7,1,4/12/2020 9:55,1,,45569,FALSE,7,TRUE,53.3333,711,32.95
61.75,7,1,4/12/2020 9:55,1,,45569,FALSE,7,TRUE,53.3333,712,32.95
61.75,7,1,4/12/2020 9:55,1,,45569,FALSE,7,TRUE,53.3333,713,32.95
61.75,7,1,4/12/2020 9:55,1,,45569,FALSE,7,TRUE,53.3333,714,32.95
61.75,7,1,4/12/2020 9:55,1,,45569,FALSE,7,TRUE,53.3333,715,32.95
61.75,7,1,4/12/2020 9:55,1,,45569,FALSE,7,TRUE,53.3333,716,32.95
61.75,7,1,4/12/2020 9:55,1,,45569,FALSE,7,TRUE,53.3333,717,32.95
61.75,7,1,4/12/2020 9:55,1,,45569,FALSE,7,TRUE,53.3333,718,32.95
61.75,7,1,4/12/2020 9:55,1,,45569,FALSE,7,TRUE,53.3333,719,32.95
61.75,7,1,4/12/2020 9:55,1,,45569,FALSE,7,TRUE,53.3333,720,32.95
61.75,7,1,4/12/2020 9:55,1,,45569,FALSE,7,TRUE,53.3333,721,32.95
61.75,7,1,4/12/2020 9:55,1,,45569,FALSE,7,TRUE,53.3333,722,32.95
61.75,7,1,4/12/2020 9:55,1,,45569,FALSE,7,TRUE,53.3333,723,32.95
61.75,7,1,4/12/2020 9:55,1,,45569,FALSE,7,TRUE,53.3333,724,32.95
61.75,7,1,4/12/2020 9:55,1,,45569,FALSE,7,TRUE,53.3333,725,32.95
61.75,7,1,4/12/2020 9:55,1,,45569,FALSE,7,TRUE,53.3333,726,32.95
61.75,7,1,4/12/2020 9:55,1,,45569,FALSE,7,TRUE,53.3333,727,32.95
61.75,7,1,4/12/2020 9:55,1,,45569,FALSE,7,TRUE,53.3333,728,32.95
61.75,7,1,4/12/2020 9:55,1,,45569,FALSE,7,TRUE,53.3333,729,32.95
61.75,7,1,4/12/2020 9:55,1,,45569,FALSE,7,TRUE,53.3333,730,32.95
61.75,7,1,4/12/2020 9:55,1,,45569,FALSE,7,TRUE,53.3333,731,32.95
61.75,7,1,4/12/2020 9:55,1,,45569,FALSE,7,TRUE,53.3333,732,32.95
61.75,7,1,4/12/2020 9:55,1,,45569,FALSE,7,TRUE,53.3333,733,32.95
61.75,7,1,4/12/2020 9:55,1,,45569,FALSE,7,TRUE,53.3333,734,32.95
61.75,7,1,4/12/2020 9:55,1,,45569,FALSE,7,TRUE,53.3333,735,32.95
61.75,7,1,4/12/2020 9:55,1,,45569,FALSE,7,TRUE,53.3333,736,32.95
61.75,7,1,4/12/2020 9:55,1,,45569,FALSE,7,TRUE,53.3333,737,32.95
61.75,7,1,4/12/2020 9:55,1,,45569,FALSE,7,TRUE,53.3333,738,32.95
61.75,7,1,4/12/2020 9:55,1,,45569,FALSE,7,TRUE,53.3333,739,32.95
50.15,3,1,4/12/2020 12:20,1,,45571,TRUE,7,TRUE,53.3333,740,30.85
50.3333,3,1,4/12/2020 12:20,1,,45573,TRUE,7,FALSE,53.3333,740,30.9
50.29,3,1,4/12/2020 12:21,1,,45575,TRUE,7,TRUE,53.3333,741,30.9
50.0455,3,1,4/12/2020 12:22,1,,45577,TRUE,7,FALSE,53.3333,742,30.9
50,3,1,4/12/2020 12:22,1,,45579,TRUE,7,TRUE,53.3333,742,30.9
49.9,3,1,4/12/2020 12:22,1,,45581,TRUE,7,TRUE,53.3333,742,30.9
49.875,3,1,4/12/2020 12:22,1,,45583,TRUE,7,FALSE,53.3333,742,30.9
49.745,3,1,4/12/2020 12:23,1,,45585,TRUE,7,TRUE,53.3333,743,30.9
49.7,3,1,4/12/2020 12:23,1,,45587,TRUE,7,TRUE,53.3333,743,30.9
49.75,3,1,4/12/2020 12:24,1,,45589,TRUE,7,FALSE,53.3333,744,30.9
49.875,3,1,4/12/2020 12:24,1,,45591,TRUE,7,TRUE,53.3333,744,30.9
49.65,3,1,4/12/2020 12:24,1,,45593,TRUE,7,TRUE,53.3333,744,30.9
49.7333,3,1,4/12/2020 12:24,1,,45595,TRUE,7,TRUE,53.3333,744,30.9
49.9,3,1,4/12/2020 12:24,1,,45597,TRUE,7,TRUE,53.3333,744,30.9
49.95,3,1,4/12/2020 12:24,1,,45599,TRUE,7,TRUE,53.3333,744,30.8
50.35,3,1,4/12/2020 12:24,1,,45601,TRUE,7,TRUE,53.3333,744,30.9
50.7,3,1,4/12/2020 12:25,1,,45603,TRUE,7,TRUE,53.3333,745,30.85
48.7124,3,1,4/12/2020 12:40,1,,45605,FALSE,7,TRUE,35.5326,760,30.7138
47.775,3,1,4/12/2020 12:40,1,,45607,FALSE,7,TRUE,30.8333,761,30.4
47.775,3,1,4/12/2020 12:40,1,,45607,FALSE,7,TRUE,30.8333,762,30.4
47.775,3,1,4/12/2020 12:40,1,,45607,FALSE,7,TRUE,30.8333,763,30.4
47.775,3,1,4/12/2020 12:40,1,,45607,FALSE,7,TRUE,30.8333,764,30.4
47.775,3,1,4/12/2020 12:40,1,,45607,FALSE,7,TRUE,30.8333,765,30.4
47.775,3,1,4/12/2020 12:40,1,,45607,FALSE,7,TRUE,30.8333,766,30.4
47.775,3,1,4/12/2020 12:40,1,,45607,FALSE,7,TRUE,30.8333,767,30.4
47.775,3,1,4/12/2020 12:40,1,,45607,FALSE,7,TRUE,30.8333,768,30.4
47.775,3,1,4/12/2020 12:40,1,,45607,FALSE,7,TRUE,30.8333,769,30.4
47.775,3,1,4/12/2020 12:40,1,,45607,FALSE,7,TRUE,30.8333,770,30.4
47.775,3,1,4/12/2020 12:40,1,,45607,FALSE,7,TRUE,30.8333,771,30.4
47.775,3,1,4/12/2020 12:40,1,,45607,FALSE,7,TRUE,30.8333,772,30.4
47.775,3,1,4/12/2020 12:40,1,,45607,FALSE,7,TRUE,30.8333,773,30.4
47.775,3,1,4/12/2020 12:40,1,,45607,FALSE,7,TRUE,30.8333,774,30.4
47.775,3,1,4/12/2020 12:40,1,,45607,FALSE,7,TRUE,30.8333,775,30.4
47.775,3,1,4/12/2020 12:40,1,,45607,FALSE,7,TRUE,30.8333,776,30.4
47.775,3,1,4/12/2020 12:40,1,,45607,FALSE,7,TRUE,30.8333,777,30.4
47.775,3,1,4/12/2020 12:40,1,,45607,FALSE,7,TRUE,30.8333,778,30.4
47.775,3,1,4/12/2020 12:40,1,,45607,FALSE,7,TRUE,30.8333,779,30.4
47.775,3,1,4/12/2020 12:40,1,,45607,FALSE,7,TRUE,30.8333,780,30.4
47.775,3,1,4/12/2020 12:40,1,,45607,FALSE,7,TRUE,30.8333,781,30.4
47.775,3,1,4/12/2020 12:40,1,,45607,FALSE,7,TRUE,30.8333,782,30.4
47.775,3,1,4/12/2020 12:40,1,,45607,FALSE,7,TRUE,30.8333,783,30.4
47.775,3,1,4/12/2020 12:40,1,,45607,FALSE,7,TRUE,30.8333,784,30.4
47.775,3,1,4/12/2020 12:40,1,,45607,FALSE,7,TRUE,30.8333,785,30.4
47.775,3,1,4/12/2020 12:40,1,,45607,FALSE,7,TRUE,30.8333,786,30.4
47.775,3,1,4/12/2020 12:40,1,,45607,FALSE,7,TRUE,30.8333,787,30.4
47.775,3,1,4/12/2020 12:40,1,,45607,FALSE,7,TRUE,30.8333,788,30.4
47.775,3,1,4/12/2020 12:40,1,,45607,FALSE,7,TRUE,30.8333,789,30.4
47.775,3,1,4/12/2020 12:40,1,,45607,FALSE,7,TRUE,30.8333,790,30.4
47.775,3,1,4/12/2020 12:40,1,,45607,FALSE,7,TRUE,30.8333,791,30.4
47.775,3,1,4/12/2020 12:40,1,,45607,FALSE,7,TRUE,30.8333,792,30.4
47.775,3,1,4/12/2020 12:40,1,,45607,FALSE,7,TRUE,30.8333,793,30.4
47.775,3,1,4/12/2020 12:40,1,,45607,FALSE,7,TRUE,30.8333,794,30.4
47.775,3,1,4/12/2020 12:40,1,,45607,FALSE,7,TRUE,30.8333,795,30.4
47.775,3,1,4/12/2020 12:40,1,,45607,FALSE,7,TRUE,30.8333,796,30.4
47.775,3,1,4/12/2020 12:40,1,,45607,FALSE,7,TRUE,30.8333,797,30.4
47.775,3,1,4/12/2020 12:40,1,,45607,FALSE,7,TRUE,30.8333,798,30.4
47.775,3,1,4/12/2020 12:40,1,,45607,FALSE,7,TRUE,30.8333,799,30.4
47.775,3,1,4/12/2020 12:40,1,,45607,FALSE,7,TRUE,30.8333,800,30.4
47.775,3,1,4/12/2020 12:40,1,,45607,FALSE,7,TRUE,30.8333,801,30.4
47.775,3,1,4/12/2020 12:40,1,,45607,FALSE,7,TRUE,30.8333,802,30.4
47.775,3,1,4/12/2020 12:40,1,,45607,FALSE,7,TRUE,30.8333,803,30.4
47.775,3,1,4/12/2020 12:40,1,,45607,FALSE,7,TRUE,30.8333,804,30.4
47.775,3,1,4/12/2020 12:40,1,,45607,FALSE,7,TRUE,30.8333,805,30.4
47.775,3,1,4/12/2020 12:40,1,,45607,FALSE,7,TRUE,30.8333,806,30.4
47.775,3,1,4/12/2020 12:40,1,,45607,FALSE,7,TRUE,30.8333,807,30.4
47.775,3,1,4/12/2020 12:40,1,,45607,FALSE,7,TRUE,30.8333,808,30.4
47.775,3,1,4/12/2020 12:40,1,,45607,FALSE,7,TRUE,30.8333,809,30.4
47.775,3,1,4/12/2020 12:40,1,,45607,FALSE,7,TRUE,30.8333,810,30.4
47.775,3,1,4/12/2020 12:40,1,,45607,FALSE,7,TRUE,30.8333,811,30.4
47.775,3,1,4/12/2020 12:40,1,,45607,FALSE,7,TRUE,30.8333,812,30.4
47.775,3,1,4/12/2020 12:40,1,,45607,FALSE,7,TRUE,30.8333,813,30.4
45.6333,3,1,4/12/2020 13:34,1,,45609,FALSE,7,TRUE,28.3333,814,29.7
45.6,3,1,4/12/2020 13:35,1,,45611,FALSE,7,FALSE,28.3333,815,29.7
45.68,3,1,4/12/2020 13:35,1,,45613,FALSE,7,FALSE,28.6667,816,29.74
45.6091,3,1,4/12/2020 13:35,1,,45615,FALSE,7,TRUE,28.4091,817,29.7818
45.5333,3,1,4/12/2020 13:35,1,,45617,FALSE,7,FALSE,28.3333,818,29.7667
45.4111,3,1,4/12/2020 13:36,1,,45619,FALSE,7,TRUE,28.3333,819,29.8
45.5375,3,1,4/12/2020 13:38,1,,45621,FALSE,7,FALSE,28.3333,820,29.8016
45.5667,3,1,4/12/2020 13:38,1,,45623,FALSE,7,FALSE,28.3333,821,29.8
45.4881,3,1,4/12/2020 13:40,1,,45625,FALSE,7,FALSE,28.3333,822,29.7976
45.4881,3,1,4/12/2020 13:40,1,,45625,FALSE,7,FALSE,28.3333,823,29.7976
45.4881,3,1,4/12/2020 13:40,1,,45625,FALSE,7,FALSE,28.3333,824,29.7976
45.4881,3,1,4/12/2020 13:40,1,,45625,FALSE,7,FALSE,28.3333,825,29.7976
45.4881,3,1,4/12/2020 13:40,1,,45625,FALSE,7,FALSE,28.3333,826,29.7976
45.4881,3,1,4/12/2020 13:40,1,,45625,FALSE,7,FALSE,28.3333,827,29.7976
45.4881,3,1,4/12/2020 13:40,1,,45625,FALSE,7,FALSE,28.3333,828,29.7976
45.4881,3,1,4/12/2020 13:40,1,,45625,FALSE,7,FALSE,28.3333,829,29.7976
45.4881,3,1,4/12/2020 13:40,1,,45625,FALSE,7,FALSE,28.3333,830,29.7976
45.4881,3,1,4/12/2020 13:40,1,,45625,FALSE,7,FALSE,28.3333,831,29.7976
45.4881,3,1,4/12/2020 13:40,1,,45625,FALSE,7,FALSE,28.3333,832,29.7976
45.4881,3,1,4/12/2020 13:40,1,,45625,FALSE,7,FALSE,28.3333,833,29.7976
45.4881,3,1,4/12/2020 13:40,1,,45625,FALSE,7,FALSE,28.3333,834,29.7976
45.4881,3,1,4/12/2020 13:40,1,,45625,FALSE,7,FALSE,28.3333,835,29.7976
45.4881,3,1,4/12/2020 13:40,1,,45625,FALSE,7,FALSE,28.3333,836,29.7976
45.4881,3,1,4/12/2020 13:40,1,,45625,FALSE,7,FALSE,28.3333,837,29.7976
45.4881,3,1,4/12/2020 13:40,1,,45625,FALSE,7,FALSE,28.3333,838,29.7976
45.4881,3,1,4/12/2020 13:40,1,,45625,FALSE,7,FALSE,28.3333,839,29.7976
45.4881,3,1,4/12/2020 13:40,1,,45625,FALSE,7,FALSE,28.3333,840,29.7976
45.4881,3,1,4/12/2020 13:40,1,,45625,FALSE,7,FALSE,28.3333,841,29.7976
45.4881,3,1,4/12/2020 13:40,1,,45625,FALSE,7,FALSE,28.3333,842,29.7976
45.4881,3,1,4/12/2020 13:40,1,,45625,FALSE,7,FALSE,28.3333,843,29.7976
45.4881,3,1,4/12/2020 13:40,1,,45625,FALSE,7,FALSE,28.3333,844,29.7976
45.4881,3,1,4/12/2020 13:40,1,,45625,FALSE,7,FALSE,28.3333,845,29.7976
45.4881,3,1,4/12/2020 13:40,1,,45625,FALSE,7,FALSE,28.3333,846,29.7976
45.4881,3,1,4/12/2020 13:40,1,,45625,FALSE,7,FALSE,28.3333,847,29.7976
45.4881,3,1,4/12/2020 13:40,1,,45625,FALSE,7,FALSE,28.3333,848,29.7976
45.4881,3,1,4/12/2020 13:40,1,,45625,FALSE,7,FALSE,28.3333,849,29.7976
45.4881,3,1,4/12/2020 13:40,1,,45625,FALSE,7,FALSE,28.3333,850,29.7976
45.4881,3,1,4/12/2020 13:40,1,,45625,FALSE,7,FALSE,28.3333,851,29.7976
45.4881,3,1,4/12/2020 13:40,1,,45625,FALSE,7,FALSE,28.3333,852,29.7976
45.4881,3,1,4/12/2020 13:40,1,,45625,FALSE,7,FALSE,28.3333,853,29.7976
45.4881,3,1,4/12/2020 13:40,1,,45625,FALSE,7,FALSE,28.3333,854,29.7976
45.4881,3,1,4/12/2020 13:40,1,,45625,FALSE,7,FALSE,28.3333,855,29.7976
45.4881,3,1,4/12/2020 13:40,1,,45625,FALSE,7,FALSE,28.3333,856,29.7976
45.4881,3,1,4/12/2020 13:40,1,,45625,FALSE,7,FALSE,28.3333,857,29.7976
45.4881,3,1,4/12/2020 13:40,1,,45625,FALSE,7,FALSE,28.3333,858,29.7976
45.4881,3,1,4/12/2020 13:40,1,,45625,FALSE,7,FALSE,28.3333,859,29.7976
45.4881,3,1,4/12/2020 13:40,1,,45625,FALSE,7,FALSE,28.3333,860,29.7976
45.4881,3,1,4/12/2020 13:40,1,,45625,FALSE,7,FALSE,28.3333,861,29.7976
45.4881,3,1,4/12/2020 13:40,1,,45625,FALSE,7,FALSE,28.3333,862,29.7976
45.4881,3,1,4/12/2020 13:40,1,,45625,FALSE,7,FALSE,28.3333,863,29.7976
45.4881,3,1,4/12/2020 13:40,1,,45625,FALSE,7,FALSE,28.3333,864,29.7976
45.4881,3,1,4/12/2020 13:40,1,,45625,FALSE,7,FALSE,28.3333,865,29.7976
45.4881,3,1,4/12/2020 13:40,1,,45625,FALSE,7,FALSE,28.3333,866,29.7976
45.4881,3,1,4/12/2020 13:40,1,,45625,FALSE,7,FALSE,28.3333,867,29.7976
45.4881,3,1,4/12/2020 13:40,1,,45625,FALSE,7,FALSE,28.3333,868,29.7976
45.4881,3,1,4/12/2020 13:40,1,,45625,FALSE,7,FALSE,28.3333,869,29.7976
45.4881,3,1,4/12/2020 13:40,1,,45625,FALSE,7,FALSE,28.3333,870,29.7976
45.4881,3,1,4/12/2020 13:40,1,,45625,FALSE,7,FALSE,28.3333,871,29.7976
45.4881,3,1,4/12/2020 13:40,1,,45625,FALSE,7,FALSE,28.3333,872,29.7976
45.4881,3,1,4/12/2020 13:40,1,,45625,FALSE,7,FALSE,28.3333,873,29.7976
45.4881,3,1,4/12/2020 13:40,1,,45625,FALSE,7,FALSE,28.3333,874,29.7976
45.4881,3,1,4/12/2020 13:40,1,,45625,FALSE,7,FALSE,28.3333,875,29.7976
45.4881,3,1,4/12/2020 13:40,1,,45625,FALSE,7,FALSE,28.3333,876,29.7976
45.4881,3,1,4/12/2020 13:40,1,,45625,FALSE,7,FALSE,28.3333,877,29.7976
45.4881,3,1,4/12/2020 13:40,1,,45625,FALSE,7,FALSE,28.3333,878,29.7976
45.4881,3,1,4/12/2020 13:40,1,,45625,FALSE,7,FALSE,28.3333,879,29.7976
45.4881,3,1,4/12/2020 13:40,1,,45625,FALSE,7,FALSE,28.3333,880,29.7976
45.4881,3,1,4/12/2020 13:40,1,,45625,FALSE,7,FALSE,28.3333,881,29.7976
45.4881,3,1,4/12/2020 13:40,1,,45625,FALSE,7,FALSE,28.3333,882,29.7976
45.4881,3,1,4/12/2020 13:40,1,,45625,FALSE,7,FALSE,28.3333,883,29.7976
45.4881,3,1,4/12/2020 13:40,1,,45625,FALSE,7,FALSE,28.3333,884,29.7976
45.4881,3,1,4/12/2020 13:40,1,,45625,FALSE,7,FALSE,28.3333,885,29.7976
45.4881,3,1,4/12/2020 13:40,1,,45625,FALSE,7,FALSE,28.3333,886,29.7976
45.4881,3,1,4/12/2020 13:40,1,,45625,FALSE,7,FALSE,28.3333,887,29.7976
45.4881,3,1,4/12/2020 13:40,1,,45625,FALSE,7,FALSE,28.3333,888,29.7976
45.4881,3,1,4/12/2020 13:40,1,,45625,FALSE,7,FALSE,28.3333,889,29.7976
45.4881,3,1,4/12/2020 13:40,1,,45625,FALSE,7,FALSE,28.3333,890,29.7976
45.4881,3,1,4/12/2020 13:40,1,,45625,FALSE,7,FALSE,28.3333,891,29.7976
45.4881,3,1,4/12/2020 13:40,1,,45625,FALSE,7,FALSE,28.3333,892,29.7976
45.4881,3,1,4/12/2020 13:40,1,,45625,FALSE,7,FALSE,28.3333,893,29.7976
45.4881,3,1,4/12/2020 13:40,1,,45625,FALSE,7,FALSE,28.3333,894,29.7976
45.4881,3,1,4/12/2020 13:40,1,,45625,FALSE,7,FALSE,28.3333,895,29.7976
45.4881,3,1,4/12/2020 13:40,1,,45625,FALSE,7,FALSE,28.3333,896,29.7976
45.4881,3,1,4/12/2020 13:40,1,,45625,FALSE,7,FALSE,28.3333,897,29.7976
45.4881,3,1,4/12/2020 13:40,1,,45625,FALSE,7,FALSE,28.3333,898,29.7976
45.4881,3,1,4/12/2020 13:40,1,,45625,FALSE,7,FALSE,28.3333,899,29.7976
45.4881,3,1,4/12/2020 13:40,1,,45625,FALSE,7,FALSE,28.3333,900,29.7976
45.4881,3,1,4/12/2020 13:40,1,,45625,FALSE,7,FALSE,28.3333,901,29.7976
45.4881,3,1,4/12/2020 13:40,1,,45625,FALSE,7,FALSE,28.3333,902,29.7976
45.4881,3,1,4/12/2020 13:40,1,,45625,FALSE,7,FALSE,28.3333,903,29.7976
45.4881,3,1,4/12/2020 13:40,1,,45625,FALSE,7,FALSE,28.3333,904,29.7976
45.4881,3,1,4/12/2020 13:40,1,,45625,FALSE,7,FALSE,28.3333,905,29.7976
45.4881,3,1,4/12/2020 13:40,1,,45625,FALSE,7,FALSE,28.3333,906,29.7976
45.4881,3,1,4/12/2020 13:40,1,,45625,FALSE,7,FALSE,28.3333,907,29.7976
45.4881,3,1,4/12/2020 13:40,1,,45625,FALSE,7,FALSE,28.3333,908,29.7976
45.4881,3,1,4/12/2020 13:40,1,,45625,FALSE,7,FALSE,28.3333,909,29.7976
45.4881,3,1,4/12/2020 13:40,1,,45625,FALSE,7,FALSE,28.3333,910,29.7976
44.0308,5,1,4/12/2020 15:11,1,,45627,FALSE,7,TRUE,27.5,911,29.3385
44,5,1,4/12/2020 15:11,1,,45629,FALSE,7,FALSE,27.5,911,29.4
44.0125,5,1,4/12/2020 15:12,1,,45631,FALSE,7,TRUE,27.5,912,29.4
43.9,5,1,4/12/2020 15:12,1,,45633,FALSE,7,TRUE,27.5,912,29.4
44.0643,5,1,4/12/2020 15:12,1,,45635,FALSE,7,FALSE,27.5,912,29.3929
44.0812,5,1,4/12/2020 15:13,1,,45637,FALSE,7,TRUE,27.5,913,29.4
44.2093,5,1,4/12/2020 15:16,1,,45639,FALSE,7,FALSE,27.6,916,29.3987
44.8,5,1,4/12/2020 15:16,1,,45641,FALSE,7,FALSE,27.5,916,29.42
44.6333,5,1,4/12/2020 15:16,1,,45643,FALSE,7,TRUE,27.5,916,29.5
44.8,5,1,4/12/2020 15:17,1,,45645,FALSE,7,FALSE,27.5,917,29.5
45,5,1,4/12/2020 15:18,1,,45647,FALSE,7,FALSE,27.5,918,29.5429
45,5,1,4/12/2020 15:18,1,,45647,FALSE,7,FALSE,27.5,918,29.5429
45,5,1,4/12/2020 15:18,1,,45647,FALSE,7,FALSE,27.5,919,29.5429
45,5,1,4/12/2020 15:18,1,,45647,FALSE,7,FALSE,27.5,920,29.5429
45,5,1,4/12/2020 15:18,1,,45647,FALSE,7,FALSE,27.5,921,29.5429
45,5,1,4/12/2020 15:18,1,,45647,FALSE,7,FALSE,27.5,922,29.5429
45,5,1,4/12/2020 15:18,1,,45647,FALSE,7,FALSE,27.5,923,29.5429
45,5,1,4/12/2020 15:18,1,,45647,FALSE,7,FALSE,27.5,924,29.5429
45,5,1,4/12/2020 15:18,1,,45647,FALSE,7,FALSE,27.5,925,29.5429
45,5,1,4/12/2020 15:18,1,,45647,FALSE,7,FALSE,27.5,926,29.5429
45,3,1,4/12/2020 15:27,1,,45649,TRUE,7,FALSE,27.5,927,29.5429
48.3,3,1,4/12/2020 15:27,1,,45651,TRUE,7,FALSE,53.3333,928,29.4
48.25,3,1,4/12/2020 15:27,1,,45653,TRUE,7,TRUE,53.3333,929,29.4
48.0597,3,1,4/12/2020 15:29,1,,45655,TRUE,7,TRUE,53.4543,930,29.4048
48.0597,3,1,4/12/2020 15:29,1,,45655,TRUE,7,TRUE,53.4543,931,29.4048
48.0597,3,1,4/12/2020 15:29,1,,45655,TRUE,7,TRUE,53.4543,932,29.4048
48.0597,3,1,4/12/2020 15:29,1,,45655,TRUE,7,TRUE,53.4543,933,29.4048
48.0597,3,1,4/12/2020 15:29,1,,45655,TRUE,7,TRUE,53.4543,934,29.4048
48.0597,3,1,4/12/2020 15:29,1,,45655,TRUE,7,TRUE,53.4543,935,29.4048
48.0597,3,1,4/12/2020 15:29,1,,45655,TRUE,7,TRUE,53.4543,936,29.4048
48.0597,3,1,4/12/2020 15:29,1,,45655,TRUE,7,TRUE,53.4543,937,29.4048
48.0597,3,1,4/12/2020 15:29,1,,45655,TRUE,7,TRUE,53.4543,938,29.4048
48.0597,3,1,4/12/2020 15:29,1,,45655,TRUE,7,TRUE,53.4543,939,29.4048
48.0597,3,1,4/12/2020 15:29,1,,45655,TRUE,7,TRUE,53.4543,940,29.4048
48.0597,3,1,4/12/2020 15:29,1,,45655,TRUE,7,TRUE,53.4543,941,29.4048
48.0597,3,1,4/12/2020 15:29,1,,45655,TRUE,7,TRUE,53.4543,942,29.4048
48.0597,3,1,4/12/2020 15:29,1,,45655,TRUE,7,TRUE,53.4543,943,29.4048
47.2,3,1,4/12/2020 15:44,1,,45657,TRUE,7,FALSE,53.3333,944,29.4
47.2,3,1,4/12/2020 15:44,1,,45657,TRUE,7,FALSE,53.3333,945,29.4
47.2,3,1,4/12/2020 15:44,1,,45657,TRUE,7,FALSE,53.3333,946,29.4
47.2,3,1,4/12/2020 15:44,1,,45657,TRUE,7,FALSE,53.3333,947,29.4
47.2,3,1,4/12/2020 15:44,1,,45657,TRUE,7,FALSE,53.3333,948,29.4
47.2,3,1,4/12/2020 15:44,1,,45657,TRUE,7,FALSE,53.3333,949,29.4
47.2,3,1,4/12/2020 15:44,1,,45657,TRUE,7,FALSE,53.3333,950,29.4
47.2,3,1,4/12/2020 15:44,1,,45657,TRUE,7,FALSE,53.3333,951,29.4
47.2,3,1,4/12/2020 15:44,1,,45657,TRUE,7,FALSE,53.3333,952,29.4
47.2,3,1,4/12/2020 15:44,1,,45657,TRUE,7,FALSE,53.3333,953,29.4
47.2,3,1,4/12/2020 15:44,1,,45657,TRUE,7,FALSE,53.3333,954,29.4
47.2,3,1,4/12/2020 15:44,1,,45657,TRUE,7,FALSE,53.3333,955,29.4
47.2,3,1,4/12/2020 15:44,1,,45657,TRUE,7,FALSE,53.3333,956,29.4
47.2,3,1,4/12/2020 15:44,1,,45657,TRUE,7,FALSE,53.3333,957,29.4
47.2,3,1,4/12/2020 15:44,1,,45657,TRUE,7,FALSE,53.3333,958,29.4
47.2,3,1,4/12/2020 15:44,1,,45657,TRUE,7,FALSE,53.3333,959,29.4
47.2,3,1,4/12/2020 15:44,1,,45657,TRUE,7,FALSE,53.3333,960,29.4
47.2,3,1,4/12/2020 15:44,1,,45657,TRUE,7,FALSE,53.3333,961,29.4
47.2,3,1,4/12/2020 15:44,1,,45657,TRUE,7,FALSE,53.3333,962,29.4
47.2,3,1,4/12/2020 15:44,1,,45657,TRUE,7,FALSE,53.3333,963,29.4
43.9333,3,1,4/12/2020 17:21,1,,45659,FALSE,7,FALSE,15,964,27.9
43.9333,3,1,4/12/2020 17:21,1,,45659,FALSE,7,FALSE,15,965,27.9
43.9333,3,1,4/12/2020 17:21,1,,45659,FALSE,7,FALSE,15,966,27.9
43.9333,3,1,4/12/2020 17:21,1,,45659,FALSE,7,FALSE,15,967,27.9
43.9333,3,1,4/12/2020 17:21,1,,45659,FALSE,7,FALSE,15,968,27.9
43.9333,3,1,4/12/2020 17:21,1,,45659,FALSE,7,FALSE,15,969,27.9
43.9333,3,1,4/12/2020 17:21,1,,45659,FALSE,7,FALSE,15,970,27.9
43.9333,3,1,4/12/2020 17:21,1,,45659,FALSE,7,FALSE,15,971,27.9
43.9333,3,1,4/12/2020 17:21,1,,45659,FALSE,7,FALSE,15,972,27.9
43.9333,3,1,4/12/2020 17:21,1,,45659,FALSE,7,FALSE,15,973,27.9
43.9333,3,1,4/12/2020 17:21,1,,45659,FALSE,7,FALSE,15,974,27.9
43.9333,3,1,4/12/2020 17:21,1,,45659,FALSE,7,FALSE,15,975,27.9
43.9333,3,1,4/12/2020 17:21,1,,45659,FALSE,7,FALSE,15,976,27.9
43.9333,3,1,4/12/2020 17:21,1,,45659,FALSE,7,FALSE,15,977,27.9
43.9333,3,1,4/12/2020 17:21,1,,45659,FALSE,7,FALSE,15,978,27.9
43.9333,3,1,4/12/2020 17:21,1,,45659,FALSE,7,FALSE,15,979,27.9
43.9333,3,1,4/12/2020 17:21,1,,45659,FALSE,7,FALSE,15,980,27.9
43.9333,3,1,4/12/2020 17:21,1,,45659,FALSE,7,FALSE,15,981,27.9
43.9333,3,1,4/12/2020 17:21,1,,45659,FALSE,7,FALSE,15,982,27.9
43.9333,3,1,4/12/2020 17:21,1,,45659,FALSE,7,FALSE,15,983,27.9
43.9333,3,1,4/12/2020 17:21,1,,45659,FALSE,7,FALSE,15,984,27.9
43.9333,3,1,4/12/2020 17:21,1,,45659,FALSE,7,FALSE,15,985,27.9
43.9333,3,1,4/12/2020 17:21,1,,45659,FALSE,7,FALSE,15,986,27.9
43.9333,3,1,4/12/2020 17:21,1,,45659,FALSE,7,FALSE,15,987,27.9
43.9333,3,1,4/12/2020 17:21,1,,45659,FALSE,7,FALSE,15,988,27.9
43.9333,3,1,4/12/2020 17:21,1,,45659,FALSE,7,FALSE,15,989,27.9
43.9333,3,1,4/12/2020 17:21,1,,45659,FALSE,7,FALSE,15,990,27.9
43.9333,3,1,4/12/2020 17:21,1,,45659,FALSE,7,FALSE,15,991,27.9
43.9333,3,1,4/12/2020 17:21,1,,45659,FALSE,7,FALSE,15,992,27.9
43.9333,3,1,4/12/2020 17:21,1,,45659,FALSE,7,FALSE,15,993,27.9
43.9333,3,1,4/12/2020 17:21,1,,45659,FALSE,7,FALSE,15,994,27.9
43.9333,3,1,4/12/2020 17:21,1,,45659,FALSE,7,FALSE,15,995,27.9
43.9333,3,1,4/12/2020 17:21,1,,45659,FALSE,7,FALSE,15,996,27.9
43.9333,3,1,4/12/2020 17:21,1,,45659,FALSE,7,FALSE,15,997,27.9
43.9333,3,1,4/12/2020 17:21,1,,45659,FALSE,7,FALSE,15,998,27.9
43.9333,3,1,4/12/2020 17:21,1,,45659,FALSE,7,FALSE,15,999,27.9
43.9333,3,1,4/12/2020 17:21,1,,45659,FALSE,7,FALSE,15,1000,27.9
43.9333,3,1,4/12/2020 17:21,1,,45659,FALSE,7,FALSE,15,1001,27.9
43.9333,3,1,4/12/2020 17:21,1,,45659,FALSE,7,FALSE,15,1002,27.9
43.9333,3,1,4/12/2020 17:21,1,,45659,FALSE,7,FALSE,15,1003,27.9
43.9333,3,1,4/12/2020 17:21,1,,45659,FALSE,7,FALSE,15,1004,27.9
43.9333,3,1,4/12/2020 17:21,1,,45659,FALSE,7,FALSE,15,1005,27.9
43.9333,3,1,4/12/2020 17:21,1,,45659,FALSE,7,FALSE,15,1006,27.9
43.9333,3,1,4/12/2020 17:21,1,,45659,FALSE,7,FALSE,15,1007,27.9
43.9333,3,1,4/12/2020 17:21,1,,45659,FALSE,7,FALSE,15,1008,27.9
43.9333,3,1,4/12/2020 17:21,1,,45659,FALSE,7,FALSE,15,1009,27.9
43.9333,3,1,4/12/2020 17:21,1,,45659,FALSE,7,FALSE,15,1010,27.9
43.9333,3,1,4/12/2020 17:21,1,,45659,FALSE,7,FALSE,15,1011,27.9
43.9333,3,1,4/12/2020 17:21,1,,45659,FALSE,7,FALSE,15,1012,27.9
43.9333,3,1,4/12/2020 17:21,1,,45659,FALSE,7,FALSE,15,1013,27.9
43.9333,3,1,4/12/2020 17:21,1,,45659,FALSE,7,FALSE,15,1014,27.9
43.9333,3,1,4/12/2020 17:21,1,,45659,FALSE,7,FALSE,15,1015,27.9
43.9333,3,1,4/12/2020 17:21,1,,45659,FALSE,7,FALSE,15,1016,27.9
43.9333,3,1,4/12/2020 17:21,1,,45659,FALSE,7,FALSE,15,1017,27.9
43.9333,3,1,4/12/2020 17:21,1,,45659,FALSE,7,FALSE,15,1018,27.9
43.9333,3,1,4/12/2020 17:21,1,,45659,FALSE,7,FALSE,15,1019,27.9
43.9333,3,1,4/12/2020 17:21,1,,45659,FALSE,7,FALSE,15,1020,27.9
43.9333,3,1,4/12/2020 17:21,1,,45659,FALSE,7,FALSE,15,1021,27.9
43.9333,3,1,4/12/2020 17:21,1,,45659,FALSE,7,FALSE,15,1022,27.9
43.9333,3,1,4/12/2020 17:21,1,,45659,FALSE,7,FALSE,15,1023,27.9
43.9333,3,1,4/12/2020 17:21,1,,45659,FALSE,7,FALSE,15,1024,27.9
43.9333,3,1,4/12/2020 17:21,1,,45659,FALSE,7,FALSE,15,1025,27.9
43.9333,3,1,4/12/2020 17:21,1,,45659,FALSE,7,FALSE,15,1026,27.9
43.9333,3,1,4/12/2020 17:21,1,,45659,FALSE,7,FALSE,15,1027,27.9
43.9333,3,1,4/12/2020 17:21,1,,45659,FALSE,7,FALSE,15,1028,27.9
43.9333,3,1,4/12/2020 17:21,1,,45659,FALSE,7,FALSE,15,1029,27.9
43.9333,3,1,4/12/2020 17:21,1,,45659,FALSE,7,FALSE,15,1030,27.9
43.9333,3,1,4/12/2020 17:21,1,,45659,FALSE,7,FALSE,15,1031,27.9
43.9333,3,1,4/12/2020 17:21,1,,45659,FALSE,7,FALSE,15,1032,27.9
43.9333,3,1,4/12/2020 17:21,1,,45659,FALSE,7,FALSE,15,1033,27.9
43.9333,3,1,4/12/2020 17:21,1,,45659,FALSE,7,FALSE,15,1034,27.9
43.9333,3,1,4/12/2020 17:21,1,,45659,FALSE,7,FALSE,15,1035,27.9
43.9333,3,1,4/12/2020 17:21,1,,45659,FALSE,7,FALSE,15,1036,27.9
43.9333,3,1,4/12/2020 17:21,1,,45659,FALSE,7,FALSE,15,1037,27.9
43.9333,3,1,4/12/2020 17:21,1,,45659,FALSE,7,FALSE,15,1038,27.9
43.9333,3,1,4/12/2020 17:21,1,,45659,FALSE,7,FALSE,15,1039,27.9
43.9333,3,1,4/12/2020 17:21,1,,45659,FALSE,7,FALSE,15,1040,27.9
43.9333,3,1,4/12/2020 17:21,1,,45659,FALSE,7,TRUE,0,1041,27.9
44.0885,3,1,4/12/2020 17:22,1,,45661,FALSE,7,TRUE,0,1042,27.9
44.125,3,1,4/12/2020 17:22,1,,45663,FALSE,7,TRUE,0,1042,27.9
44.1,3,1,4/12/2020 17:22,1,,45665,FALSE,7,TRUE,0,1042,27.9
44.1,3,1,4/12/2020 17:23,1,,45667,FALSE,7,TRUE,0,1043,27.9
44.1,3,1,4/12/2020 17:23,1,,45667,FALSE,7,TRUE,0,1044,27.9
44.1,3,1,4/12/2020 17:23,1,,45667,FALSE,7,TRUE,0,1045,27.9
44.1,3,1,4/12/2020 17:23,1,,45667,FALSE,7,TRUE,0,1046,27.9
44.1,3,1,4/12/2020 17:23,1,,45667,FALSE,7,TRUE,0,1047,27.9
44.1,3,1,4/12/2020 17:23,1,,45667,FALSE,7,TRUE,0,1048,27.9
44.1,3,1,4/12/2020 17:23,1,,45667,FALSE,7,TRUE,0,1049,27.9
44.1,3,1,4/12/2020 17:23,1,,45667,FALSE,7,TRUE,0,1050,27.9
44.1,3,1,4/12/2020 17:23,1,,45667,FALSE,7,TRUE,0,1051,27.9
44.1,3,1,4/12/2020 17:23,1,,45667,FALSE,7,TRUE,0,1052,27.9
44.1,3,1,4/12/2020 17:23,1,,45667,FALSE,7,TRUE,0,1053,27.9
44.1,3,1,4/12/2020 17:23,1,,45667,FALSE,7,TRUE,0,1054,27.9
44.1,3,1,4/12/2020 17:23,1,,45667,FALSE,7,TRUE,0,1055,27.9
44.1,3,1,4/12/2020 17:23,1,,45667,FALSE,7,TRUE,0,1056,27.9
44.1,3,1,4/12/2020 17:23,1,,45667,FALSE,7,TRUE,0,1057,27.9
44.1,3,1,4/12/2020 17:23,1,,45667,FALSE,7,TRUE,0,1058,27.9
44.1,3,1,4/12/2020 17:23,1,,45667,FALSE,7,TRUE,0,1059,27.9
44.1,3,1,4/12/2020 17:23,1,,45667,FALSE,7,TRUE,0,1060,27.9
44.1,3,1,4/12/2020 17:23,1,,45667,FALSE,7,TRUE,0,1061,27.9
44.1,3,1,4/12/2020 17:23,1,,45667,FALSE,7,TRUE,0,1062,27.9
44.1,3,1,4/12/2020 17:23,1,,45667,FALSE,7,TRUE,0,1063,27.9
44.1,3,1,4/12/2020 17:23,1,,45667,FALSE,7,TRUE,0,1064,27.9
44.1,3,1,4/12/2020 17:23,1,,45667,FALSE,7,TRUE,0,1065,27.9
44.1,3,1,4/12/2020 17:23,1,,45667,FALSE,7,TRUE,0,1066,27.9
44.1,3,1,4/12/2020 17:23,1,,45667,FALSE,7,TRUE,0,1067,27.9
44.1,3,1,4/12/2020 17:23,1,,45667,FALSE,7,TRUE,0,1068,27.9
44.1,3,1,4/12/2020 17:23,1,,45667,FALSE,7,TRUE,0,1069,27.9
44.1,3,1,4/12/2020 17:23,1,,45667,FALSE,7,TRUE,0,1070,27.9
44.1,3,1,4/12/2020 17:23,1,,45667,FALSE,7,TRUE,0,1071,27.9
44.1,3,1,4/12/2020 17:23,1,,45667,FALSE,7,TRUE,0,1072,27.9
44.1,3,1,4/12/2020 17:23,1,,45667,FALSE,7,TRUE,0,1073,27.9
44.1,3,1,4/12/2020 17:23,1,,45667,FALSE,7,TRUE,0,1074,27.9
44.1,3,1,4/12/2020 17:23,1,,45667,FALSE,7,TRUE,0,1075,27.9
44.1,3,1,4/12/2020 17:23,1,,45667,FALSE,7,TRUE,0,1076,27.9
46,3,1,4/12/2020 18:06,1,,45685,TRUE,7,TRUE,60,1077,27.7
46,3,1,4/12/2020 18:06,1,,45685,TRUE,7,TRUE,60,1078,27.7
46,3,1,4/12/2020 18:06,1,,45685,TRUE,7,TRUE,60,1079,27.7
46,3,1,4/12/2020 18:06,1,,45685,TRUE,7,TRUE,60,1080,27.7
46,3,1,4/12/2020 18:06,1,,45685,TRUE,7,TRUE,60,1081,27.7
46,3,1,4/12/2020 18:06,1,,45685,TRUE,7,TRUE,60,1082,27.7
46,3,1,4/12/2020 18:06,1,,45685,TRUE,7,TRUE,60,1083,27.7
46,3,1,4/12/2020 18:06,1,,45685,TRUE,7,TRUE,60,1084,27.7
46,3,1,4/12/2020 18:06,1,,45685,TRUE,7,TRUE,60,1085,27.7
46,3,1,4/12/2020 18:06,1,,45685,TRUE,7,TRUE,60,1086,27.7
46.05,3,1,4/12/2020 18:06,1,,45687,TRUE,7,TRUE,60,1086,27.7
46.05,3,1,4/12/2020 18:06,1,,45687,TRUE,7,TRUE,60,1087,27.7
46.05,3,1,4/12/2020 18:06,1,,45687,TRUE,7,TRUE,60,1088,27.7
46.05,3,1,4/12/2020 18:06,1,,45687,TRUE,7,TRUE,60,1089,27.7
46.05,3,1,4/12/2020 18:06,1,,45687,TRUE,7,TRUE,60,1090,27.7
46.05,3,1,4/12/2020 18:06,1,,45687,TRUE,7,TRUE,60,1091,27.7
46.05,3,1,4/12/2020 18:06,1,,45687,TRUE,7,TRUE,60,1092,27.7
46.05,3,1,4/12/2020 18:06,1,,45687,TRUE,7,TRUE,60,1093,27.7
46.05,3,1,4/12/2020 18:06,1,,45687,TRUE,7,TRUE,60,1094,27.7
46.05,3,1,4/12/2020 18:06,1,,45687,TRUE,7,TRUE,60,1095,27.7
46.05,3,1,4/12/2020 18:06,1,,45687,TRUE,7,TRUE,60,1096,27.7
50.35,3,1,4/12/2020 18:19,1,,45689,TRUE,7,TRUE,65,1099,28.95
50.3643,3,1,4/12/2020 18:19,1,,45691,TRUE,7,FALSE,65.7143,1099,28.9
50.2,3,1,4/12/2020 18:19,1,,45693,TRUE,7,TRUE,65,1099,28.9
50.3636,3,1,4/12/2020 18:20,1,,45695,TRUE,7,TRUE,64.2424,1100,28.8636
50.4176,3,1,4/12/2020 18:21,1,,45697,TRUE,7,FALSE,63.6765,1101,28.7941
50.65,3,1,4/12/2020 18:21,1,,45699,TRUE,7,FALSE,63.3333,1101,28.7
50.925,3,1,4/12/2020 18:21,1,,45701,TRUE,7,TRUE,63.3333,1102,28.7
51.15,3,1,4/12/2020 18:21,1,,45703,TRUE,7,TRUE,63.3333,1103,28.7
51.9667,3,1,4/12/2020 18:21,1,,45705,TRUE,7,TRUE,63.0556,1104,28.7
51.6209,3,1,4/12/2020 18:23,1,,45707,TRUE,7,TRUE,61.938,1105,28.6977
52.1458,3,1,4/12/2020 18:24,1,,45709,TRUE,7,TRUE,60.8333,1106,28.7208
51.4538,3,1,4/12/2020 18:25,1,,45711,TRUE,7,FALSE,61.859,1107,28.7269
51.4538,3,1,4/12/2020 18:50,1,,45713,TRUE,7,FALSE,61.859,1108,28.7269
51.4538,3,1,4/12/2020 18:50,1,,45715,TRUE,7,FALSE,61.859,1109,28.7269
45.0333,3,1,4/12/2020 18:50,1,,45717,TRUE,7,TRUE,55.8333,1110,28.1
44.4121,3,1,4/12/2020 18:56,1,,45719,TRUE,7,TRUE,55.8333,1111,28.1771
46.35,5,1,4/12/2020 19:23,1,,45721,TRUE,7,FALSE,55.8333,1112,27.8
46.35,5,1,4/13/2020 19:23,1,,45721,TRUE,8,FALSE,55.8333,1113,27.8
46.35,5,1,4/14/2020 19:23,1,,45721,TRUE,9,FALSE,55.8333,1114,27.8
46.35,5,1,4/15/2020 19:23,1,,45721,TRUE,10,FALSE,55.8333,1115,27.8
46.35,5,1,4/16/2020 19:23,1,,45721,TRUE,11,FALSE,55.8333,1116,27.8
46.35,5,1,4/17/2020 19:23,1,,45721,TRUE,12,FALSE,55.8333,1117,27.8
46.35,5,1,4/18/2020 19:23,1,,45721,TRUE,13,FALSE,55.8333,1118,27.8
46.35,5,1,4/19/2020 19:23,1,,45721,TRUE,14,FALSE,55.8333,1119,27.8
46.35,5,1,4/20/2020 19:23,1,,45721,TRUE,15,FALSE,55.8333,1120,27.8
46.35,5,1,4/21/2020 19:23,1,,45721,TRUE,16,FALSE,55.8333,1121,27.8
46.35,5,1,4/22/2020 19:23,1,,45721,TRUE,17,FALSE,55.8333,1122,27.8
46.35,5,1,4/23/2020 19:23,1,,45721,TRUE,18,FALSE,55.8333,1123,27.8
46.35,5,1,4/24/2020 19:23,1,,45721,TRUE,19,FALSE,55.8333,1124,27.8
46.35,5,1,4/25/2020 19:23,1,,45721,TRUE,20,FALSE,55.8333,1125,27.8
46.35,5,1,4/26/2020 19:23,1,,45721,TRUE,21,FALSE,55.8333,1126,27.8
46.35,5,1,4/27/2020 19:23,1,,45721,TRUE,22,FALSE,55.8333,1127,27.8
46.35,5,1,4/28/2020 19:23,1,,45721,TRUE,23,FALSE,55.8333,1128,27.8
46.35,5,1,4/29/2020 19:23,1,,45721,TRUE,24,FALSE,55.8333,1129,27.8
46.35,5,1,4/30/2020 19:23,1,,45721,TRUE,25,FALSE,55.8333,1130,27.8
46.35,5,1,5/1/2020 19:23,1,,45721,TRUE,26,FALSE,55.8333,1131,27.8
46.35,5,1,5/2/2020 19:23,1,,45721,TRUE,27,FALSE,55.8333,1132,27.8
46.35,5,1,5/3/2020 19:23,1,,45721,TRUE,28,FALSE,55.8333,1133,27.8
46.35,5,1,5/4/2020 19:23,1,,45721,TRUE,29,FALSE,55.8333,1134,27.8
46.35,5,1,5/5/2020 19:23,1,,45721,TRUE,30,FALSE,55.8333,1135,27.8
46.35,5,1,5/6/2020 19:23,1,,45721,TRUE,31,FALSE,55.8333,1136,27.8
46.35,5,1,5/7/2020 19:23,1,,45721,TRUE,32,FALSE,55.8333,1137,27.8
46.35,5,1,5/7/2020 19:23,1,,45721,TRUE,32,FALSE,55.8333,1138,27.8
46.35,5,1,5/7/2020 19:23,1,,45721,TRUE,32,FALSE,55.8333,1139,27.8
46.35,5,1,5/7/2020 19:23,1,,45721,TRUE,32,FALSE,55.8333,1140,27.8
46.35,5,1,5/7/2020 19:23,1,,45721,TRUE,32,FALSE,55.8333,1141,27.8
46.35,5,1,5/7/2020 19:23,1,,45721,TRUE,32,FALSE,55.8333,1142,27.8
46.35,5,1,5/7/2020 19:23,1,,45721,TRUE,32,FALSE,55.8333,1143,27.8
46.35,5,1,5/7/2020 19:23,1,,45721,TRUE,32,FALSE,55.8333,1144,27.8
46.35,5,1,5/7/2020 19:23,1,,45721,TRUE,32,FALSE,55.8333,1145,27.8
46.35,5,1,5/7/2020 19:23,1,,45721,TRUE,32,FALSE,55.8333,1146,27.8
46.35,5,1,5/7/2020 19:23,1,,45721,TRUE,32,FALSE,55.8333,1147,27.8
46.35,5,1,5/7/2020 19:23,1,,45721,TRUE,32,FALSE,55.8333,1148,27.8
46.35,5,1,5/7/2020 19:23,1,,45721,TRUE,32,FALSE,55.8333,1149,27.8
46.35,5,1,5/7/2020 19:23,1,,45721,TRUE,32,FALSE,55.8333,1150,27.8
46.35,5,1,5/7/2020 19:23,1,,45721,TRUE,32,FALSE,55.8333,1151,27.8
46.35,5,1,5/7/2020 19:23,1,,45721,TRUE,32,FALSE,55.8333,1152,27.8
46.35,5,1,5/7/2020 19:23,1,,45721,TRUE,32,FALSE,55.8333,1153,27.8
46.35,5,1,5/7/2020 19:23,1,,45721,TRUE,32,FALSE,55.8333,1154,27.8
46.35,5,1,5/7/2020 19:23,1,,45721,TRUE,32,FALSE,55.8333,1155,27.8
46.35,5,1,5/7/2020 19:23,1,,45721,TRUE,32,FALSE,55.8333,1156,27.8
46.35,5,1,5/7/2020 19:23,1,,45721,TRUE,32,FALSE,55.8333,1157,27.8
46.35,5,1,5/7/2020 19:23,1,,45721,TRUE,32,FALSE,55.8333,1158,27.8
46.35,5,1,5/7/2020 19:23,1,,45721,TRUE,32,FALSE,55.8333,1159,27.8
46.35,5,1,5/7/2020 19:23,1,,45721,TRUE,32,FALSE,55.8333,1160,27.8
46.35,5,1,5/7/2020 19:23,1,,45721,TRUE,32,FALSE,55.8333,1161,27.8
46.35,5,1,5/7/2020 19:23,1,,45721,TRUE,32,FALSE,55.8333,1162,27.8
46.35,5,1,5/7/2020 19:23,1,,45721,TRUE,32,FALSE,55.8333,1163,27.8
46.2556,5,1,4/12/2020 19:24,1,,45723,TRUE,7,TRUE,55.8333,1164,27.7222
46.4,5,1,4/12/2020 19:24,1,,45725,TRUE,7,FALSE,55.8333,1165,27.75
46.3,5,1,4/12/2020 19:24,1,,45727,TRUE,7,FALSE,56.0417,1166,27.725
46.3,5,1,4/12/2020 19:24,1,,45727,TRUE,7,FALSE,56.0417,1167,27.725
46.3,5,1,4/12/2020 19:24,1,,45727,TRUE,7,FALSE,56.0417,1168,27.725
46.3,5,1,4/12/2020 19:24,1,,45727,TRUE,7,FALSE,56.0417,1169,27.725
46.3,5,1,4/12/2020 19:24,1,,45727,TRUE,7,FALSE,56.0417,1170,27.725
46.3,5,1,4/12/2020 19:24,1,,45727,TRUE,7,FALSE,56.0417,1171,27.725
46.3,5,1,4/12/2020 19:24,1,,45727,TRUE,7,FALSE,56.0417,1172,27.725
46.3,5,1,4/12/2020 19:24,1,,45727,TRUE,7,FALSE,56.0417,1173,27.725
46.3,5,1,4/12/2020 19:24,1,,45727,TRUE,7,FALSE,56.0417,1174,27.725
46.3,5,1,4/12/2020 19:24,1,,45727,TRUE,7,FALSE,56.0417,1175,27.725
46.3,5,1,4/12/2020 19:24,1,,45727,TRUE,7,FALSE,56.0417,1176,27.725
46.3,5,1,4/12/2020 19:24,1,,45727,TRUE,7,FALSE,56.0417,1177,27.725
46.3,5,1,4/12/2020 19:24,1,,45727,TRUE,7,FALSE,56.0417,1178,27.725
46.3,5,1,4/12/2020 19:24,1,,45727,TRUE,7,FALSE,56.0417,1179,27.725
46.3,5,1,4/12/2020 19:24,1,,45727,TRUE,7,FALSE,56.0417,1180,27.725
46.3,5,1,4/12/2020 19:24,1,,45727,TRUE,7,FALSE,56.0417,1181,27.725
46.3,5,1,4/12/2020 19:24,1,,45727,TRUE,7,FALSE,56.0417,1182,27.725
46.3,5,1,4/12/2020 19:24,1,,45727,TRUE,7,FALSE,56.0417,1183,27.725
46.3,5,1,4/12/2020 19:24,1,,45727,TRUE,7,FALSE,56.0417,1184,27.725
46.3,5,1,4/12/2020 19:24,1,,45727,TRUE,7,FALSE,56.0417,1185,27.725
46.3,5,1,4/12/2020 19:24,1,,45727,TRUE,7,FALSE,56.0417,1186,27.725
46.3,5,1,4/12/2020 19:24,1,,45727,TRUE,7,FALSE,56.0417,1187,27.725
46.3,5,1,4/12/2020 19:24,1,,45727,TRUE,7,FALSE,56.0417,1188,27.725
46.3,5,1,4/12/2020 19:24,1,,45727,TRUE,7,FALSE,56.0417,1189,27.725
46.3,5,1,4/12/2020 19:24,1,,45727,TRUE,7,FALSE,56.0417,1190,27.725
46.3,5,1,4/12/2020 19:24,1,,45727,TRUE,7,FALSE,56.0417,1191,27.725
46.3,5,1,4/12/2020 19:24,1,,45727,TRUE,7,FALSE,56.0417,1192,27.725
46.3,5,1,4/12/2020 19:24,1,,45727,TRUE,7,FALSE,56.0417,1193,27.725
46.3,5,1,4/12/2020 19:24,1,,45727,TRUE,7,FALSE,56.0417,1194,27.725
46.3,5,1,4/12/2020 19:24,1,,45727,TRUE,7,FALSE,56.0417,1195,27.725
46.3,5,1,4/12/2020 19:24,1,,45727,TRUE,7,FALSE,56.0417,1196,27.725
46.3,5,1,4/12/2020 19:24,1,,45727,TRUE,7,FALSE,56.0417,1197,27.725
46.3,5,1,4/12/2020 19:24,1,,45727,TRUE,7,FALSE,56.0417,1198,27.725
48.35,5,1,4/12/2020 19:59,1,,45729,FALSE,7,FALSE,0,1199,28.3
48.25,5,1,4/12/2020 19:59,1,,45731,FALSE,7,FALSE,0,1200,28.3
48.3,5,1,4/12/2020 20:00,1,,45733,FALSE,7,FALSE,0,1201,28.3
48.3074,5,1,4/12/2020 20:01,1,,45735,FALSE,7,FALSE,0,1202,28.2889
48.4,5,1,4/12/2020 20:04,1,,45737,FALSE,7,FALSE,0,1203,28.2778
48.2786,5,1,4/12/2020 20:04,1,,45739,FALSE,7,FALSE,0,1204,28.2857
48.25,5,1,4/12/2020 20:04,1,,45741,FALSE,7,FALSE,0,1205,28.3
48.275,5,1,4/12/2020 20:04,1,,45743,FALSE,7,FALSE,0,1206,28.3
48,5,1,4/12/2020 20:14,1,,45745,TRUE,7,FALSE,36.6667,1207,28.2
48,5,1,4/12/2020 20:14,1,,45747,TRUE,7,FALSE,36.6667,1208,28.2
48.05,5,1,4/12/2020 20:14,1,,45749,TRUE,7,FALSE,36.6667,1209,28.2
48.08,5,1,4/12/2020 20:14,1,,45751,TRUE,7,FALSE,36.6667,1210,28.18
48,5,1,4/12/2020 20:15,1,,45753,TRUE,7,FALSE,36.6667,1211,28.2
47.8926,5,1,4/12/2020 20:17,1,,45755,TRUE,7,FALSE,36.2654,1212,28.2407
47.75,5,1,4/12/2020 20:17,1,,45757,TRUE,7,TRUE,35.8333,1213,28.25
47.8,5,1,4/12/2020 20:17,1,,45759,TRUE,7,TRUE,35.8333,1214,28.2
47.55,5,1,4/12/2020 20:21,1,,45761,TRUE,7,FALSE,35.8333,1215,28.3
47.6,5,1,4/12/2020 20:21,1,,45763,TRUE,7,FALSE,35.8333,1216,28.3
47.6,5,1,4/12/2020 20:22,1,,45765,TRUE,7,FALSE,35.8333,1217,28.3
47.6,5,1,4/12/2020 20:22,1,,45767,TRUE,7,TRUE,35.8333,1218,28.3
47.544,5,1,4/12/2020 20:23,1,,45769,TRUE,7,FALSE,35.8333,1219,28.32
47.4667,5,1,4/12/2020 20:23,1,,45771,TRUE,7,FALSE,35.8333,1220,28.4
47.4,5,1,4/12/2020 20:23,1,,45773,TRUE,7,FALSE,35.8333,1221,28.35
47.4,5,1,4/12/2020 20:23,1,,45773,TRUE,7,FALSE,35.8333,1222,28.35
47.4,5,1,4/12/2020 20:23,1,,45773,TRUE,7,FALSE,35.8333,1223,28.35
47.4,5,1,4/12/2020 20:23,1,,45773,TRUE,7,FALSE,35.8333,1224,28.35
47.4,5,1,4/12/2020 20:23,1,,45773,TRUE,7,FALSE,35.8333,1225,28.35
47.4,5,1,4/12/2020 20:23,1,,45773,TRUE,7,FALSE,35.8333,1226,28.35
47.4,5,1,4/12/2020 20:23,1,,45773,TRUE,7,FALSE,35.8333,1227,28.35
47.4,5,1,4/12/2020 20:23,1,,45773,TRUE,7,FALSE,35.8333,1228,28.35
47.4,5,1,4/12/2020 20:23,1,,45773,TRUE,7,FALSE,35.8333,1229,28.35
47.4,5,1,4/12/2020 20:23,1,,45773,TRUE,7,FALSE,35.8333,1230,28.35
47.4,5,1,4/12/2020 20:23,1,,45773,TRUE,7,FALSE,35.8333,1231,28.35
47.4,5,1,4/12/2020 20:23,1,,45773,TRUE,7,FALSE,35.8333,1232,28.35
47.4,5,1,4/12/2020 20:23,1,,45773,TRUE,7,FALSE,35.8333,1233,28.35
47.4,5,1,4/12/2020 20:23,1,,45773,TRUE,7,FALSE,35.8333,1234,28.35
47.4,5,1,4/12/2020 20:23,1,,45773,TRUE,7,FALSE,35.8333,1235,28.35
47.4,5,1,4/12/2020 20:23,1,,45773,TRUE,7,FALSE,35.8333,1236,28.35
47.4,5,1,4/12/2020 20:23,1,,45773,TRUE,7,FALSE,35.8333,1237,28.35
47.4,5,1,4/12/2020 20:23,1,,45773,TRUE,7,FALSE,35.8333,1238,28.35
47.4,5,1,4/12/2020 20:23,1,,45773,TRUE,7,FALSE,35.8333,1239,28.35
47.4,5,1,4/12/2020 20:23,1,,45773,TRUE,7,FALSE,35.8333,1240,28.35
47.4,5,1,4/12/2020 20:23,1,,45773,TRUE,7,FALSE,35.8333,1241,28.35
47.4,5,1,4/12/2020 20:23,1,,45773,TRUE,7,FALSE,35.8333,1242,28.35
47.4,5,1,4/12/2020 20:23,1,,45773,TRUE,7,FALSE,35.8333,1243,28.35
47.4,5,1,4/12/2020 20:23,1,,45773,TRUE,7,FALSE,35.8333,1244,28.35
47.4,5,1,4/12/2020 20:23,1,,45773,TRUE,7,FALSE,35.8333,1245,28.35
47.4,5,1,4/12/2020 20:23,1,,45773,TRUE,7,FALSE,35.8333,1246,28.35
47.4,5,1,4/12/2020 20:23,1,,45773,TRUE,7,FALSE,35.8333,1247,28.35
47.4,5,1,4/12/2020 20:23,1,,45773,TRUE,7,FALSE,35.8333,1248,28.35
47.4,5,1,4/12/2020 20:23,1,,45773,TRUE,7,FALSE,35.8333,1249,28.35
47.4,5,1,4/12/2020 20:23,1,,45773,TRUE,7,FALSE,35.8333,1250,28.35
47.4,5,1,4/12/2020 20:23,1,,45773,TRUE,7,FALSE,35.8333,1251,28.35
47.4,5,1,4/12/2020 20:23,1,,45773,TRUE,7,FALSE,35.8333,1252,28.35
47.4,5,1,4/12/2020 20:23,1,,45773,TRUE,7,FALSE,35.8333,1253,28.35
47.4,5,1,4/12/2020 20:23,1,,45773,TRUE,7,FALSE,35.8333,1254,28.35
47.4,5,1,4/12/2020 20:23,1,,45773,TRUE,7,FALSE,35.8333,1255,28.35
47.4,5,1,4/12/2020 20:23,1,,45773,TRUE,7,FALSE,35.8333,1256,28.35
47.4,5,1,4/12/2020 20:23,1,,45773,TRUE,7,FALSE,35.8333,1257,28.35
47.4,5,1,4/12/2020 20:23,1,,45773,TRUE,7,FALSE,35.8333,1258,28.35
45.1667,2,1,4/12/2020 20:59,1,,45775,TRUE,7,TRUE,35.8333,1259,27.9
45.0667,2,1,4/12/2020 20:59,1,,45777,TRUE,7,FALSE,35.8333,1259,27.9
45.2,2,1,4/12/2020 20:59,1,,45779,TRUE,7,TRUE,35.8333,1259,27.9
45.2,2,1,4/12/2020 20:59,1,,45781,TRUE,7,FALSE,35.8333,1259,27.9
45.15,2,1,4/12/2020 20:59,1,,45783,TRUE,7,FALSE,35.8333,1259,27.9
45.2,2,1,4/12/2020 20:59,1,,45785,TRUE,7,FALSE,35.8333,1259,27.9
45.3,2,1,4/12/2020 21:00,1,,45787,TRUE,7,FALSE,35.8333,1260,27.8667
45.2333,2,1,4/12/2020 21:08,1,,45789,TRUE,7,TRUE,35.8333,1268,27.6
45.6667,2,1,4/12/2020 21:47,1,,45791,TRUE,7,TRUE,35.8333,1307,27.8
45.7,2,1,4/12/2020 21:47,1,,45793,TRUE,7,FALSE,35.8333,1307,27.8
45.7,2,1,4/12/2020 21:47,1,,45795,TRUE,7,FALSE,35.8333,1307,27.8
45.7667,2,1,4/12/2020 21:47,1,,45797,TRUE,7,FALSE,35.8333,1307,27.8
45.9333,2,1,4/12/2020 21:48,1,,45799,TRUE,7,FALSE,35.8333,1308,27.8
45.85,2,1,4/12/2020 21:48,1,,45801,TRUE,7,TRUE,35.8333,1308,27.8
45.715,2,1,4/12/2020 21:50,1,,45803,TRUE,7,FALSE,35.8333,1310,27.8267
45.6,2,1,4/12/2020 21:50,1,,45805,TRUE,7,TRUE,35.8333,1310,27.8
45.6,2,1,4/12/2020 21:50,1,,45807,TRUE,7,FALSE,35.8333,1310,27.8333
47,3,1,4/12/2020 22:01,1,,45809,TRUE,7,TRUE,35.8333,1321,27.9
46.8727,3,1,4/12/2020 22:02,1,,45811,TRUE,7,TRUE,35.8333,1322,27.9
47.02,3,1,4/12/2020 22:02,1,,45813,TRUE,7,TRUE,35.8333,1323,27.89
47.02,3,1,4/12/2020 22:02,1,,45813,TRUE,7,TRUE,35.8333,1324,27.89
47.02,3,1,4/12/2020 22:02,1,,45813,TRUE,7,TRUE,35.8333,1325,27.89
47.02,3,1,4/12/2020 22:02,1,,45813,TRUE,7,TRUE,35.8333,1326,27.89
47.02,3,1,4/12/2020 22:02,1,,45813,TRUE,7,TRUE,35.8333,1327,27.89
47.02,3,1,4/12/2020 22:02,1,,45813,TRUE,7,TRUE,35.8333,1328,27.89
47.02,3,1,4/12/2020 22:02,1,,45813,TRUE,7,TRUE,35.8333,1329,27.89
47.02,3,1,4/12/2020 22:02,1,,45813,TRUE,7,TRUE,35.8333,1330,27.89
47.02,3,1,4/12/2020 22:02,1,,45813,TRUE,7,TRUE,35.8333,1331,27.89
47.02,3,1,4/12/2020 22:02,1,,45813,TRUE,7,TRUE,35.8333,1332,27.89
47.02,3,1,4/12/2020 22:02,1,,45813,TRUE,7,TRUE,35.8333,1333,27.89
47.02,3,1,4/12/2020 22:02,1,,45813,TRUE,7,TRUE,35.8333,1334,27.89
47.02,3,1,4/12/2020 22:02,1,,45813,TRUE,7,TRUE,35.8333,1335,27.89
47.02,3,1,4/12/2020 22:02,1,,45813,TRUE,7,TRUE,35.8333,1336,27.89
47.02,3,1,4/12/2020 22:02,1,,45813,TRUE,7,TRUE,35.8333,1337,27.89
47.02,3,1,4/12/2020 22:02,1,,45813,TRUE,7,TRUE,35.8333,1338,27.89
47.02,3,1,4/12/2020 22:02,1,,45813,TRUE,7,TRUE,35.8333,1339,27.89
47.02,3,1,4/12/2020 22:02,1,,45813,TRUE,7,TRUE,35.8333,1340,27.89
47.02,3,1,4/12/2020 22:02,1,,45813,TRUE,7,TRUE,35.8333,1341,27.89
47.02,3,1,4/12/2020 22:02,1,,45813,TRUE,7,TRUE,35.8333,1342,27.89
47.02,3,1,4/12/2020 22:02,1,,45813,TRUE,7,TRUE,35.8333,1343,27.89
47.02,3,1,4/12/2020 22:02,1,,45813,TRUE,7,TRUE,35.8333,1344,27.89
47.02,3,1,4/12/2020 22:02,1,,45813,TRUE,7,TRUE,35.8333,1345,27.89
47.02,3,1,4/12/2020 22:02,1,,45813,TRUE,7,TRUE,35.8333,1346,27.89
47.02,3,1,4/12/2020 22:02,1,,45813,TRUE,7,TRUE,35.8333,1347,27.89
47.02,3,1,4/12/2020 22:02,1,,45813,TRUE,7,TRUE,35.8333,1348,27.89
47.02,3,1,4/12/2020 22:02,1,,45813,TRUE,7,TRUE,35.8333,1349,27.89
47.4,3,1,4/12/2020 22:30,1,,45815,TRUE,7,TRUE,35.8333,1350,27.8
48.8938,3,1,4/12/2020 23:06,1,,45817,FALSE,7,FALSE,0,1351,27.9062
48.8938,3,1,4/12/2020 23:06,1,,45817,FALSE,7,FALSE,0,1352,27.9062
48.8938,3,1,4/12/2020 23:06,1,,45817,FALSE,7,FALSE,0,1353,27.9062
48.8938,3,1,4/12/2020 23:06,1,,45817,FALSE,7,FALSE,0,1354,27.9062
48.8938,3,1,4/12/2020 23:06,1,,45817,FALSE,7,FALSE,0,1355,27.9062
48.8938,3,1,4/12/2020 23:06,1,,45817,FALSE,7,FALSE,0,1356,27.9062
48.8938,3,1,4/12/2020 23:06,1,,45817,FALSE,7,FALSE,0,1357,27.9062
48.8938,3,1,4/12/2020 23:06,1,,45817,FALSE,7,FALSE,0,1358,27.9062
48.8938,3,1,4/12/2020 23:06,1,,45817,FALSE,7,FALSE,0,1359,27.9062
48.8938,3,1,4/12/2020 23:06,1,,45817,FALSE,7,FALSE,0,1360,27.9062
48.8938,3,1,4/12/2020 23:06,1,,45817,FALSE,7,FALSE,0,1361,27.9062
48.8938,3,1,4/12/2020 23:06,1,,45817,FALSE,7,FALSE,0,1362,27.9062
48.8938,3,1,4/12/2020 23:06,1,,45817,FALSE,7,FALSE,0,1363,27.9062
48.8938,3,1,4/12/2020 23:06,1,,45817,FALSE,7,FALSE,0,1364,27.9062
48.8938,3,1,4/12/2020 23:06,1,,45817,FALSE,7,FALSE,0,1365,27.9062
48.8938,3,1,4/12/2020 23:06,1,,45817,FALSE,7,FALSE,0,1366,27.9062
48.8938,3,1,4/12/2020 23:06,1,,45817,FALSE,7,FALSE,0,1367,27.9062
48.8938,3,1,4/12/2020 23:06,1,,45817,FALSE,7,FALSE,0,1368,27.9062
48.8938,3,1,4/12/2020 23:06,1,,45817,FALSE,7,FALSE,0,1369,27.9062
48.8938,3,1,4/12/2020 23:06,1,,45817,FALSE,7,FALSE,0,1370,27.9062
48.8938,3,1,4/12/2020 23:06,1,,45817,FALSE,7,FALSE,0,1371,27.9062
48.8938,3,1,4/12/2020 23:06,1,,45817,FALSE,7,FALSE,0,1372,27.9062
48.8938,3,1,4/12/2020 23:06,1,,45817,FALSE,7,FALSE,0,1373,27.9062
48.8938,3,1,4/12/2020 23:06,1,,45817,FALSE,7,FALSE,0,1374,27.9062
48.8938,3,1,4/12/2020 23:06,1,,45817,FALSE,7,FALSE,0,1375,27.9062
48.8938,3,1,4/12/2020 23:06,1,,45817,FALSE,7,FALSE,0,1376,27.9062
48.8938,3,1,4/12/2020 23:06,1,,45817,FALSE,7,FALSE,0,1377,27.9062
48.8938,3,1,4/12/2020 23:06,1,,45817,FALSE,7,FALSE,0,1378,27.9062
48.8938,3,1,4/12/2020 23:06,1,,45817,FALSE,7,FALSE,0,1379,27.9062
48.8938,3,1,4/12/2020 23:06,1,,45817,FALSE,7,FALSE,0,1380,27.9062
48.8938,3,1,4/12/2020 23:06,1,,45817,FALSE,7,FALSE,0,1381,27.9062
48.8938,3,1,4/12/2020 23:06,1,,45817,FALSE,7,FALSE,0,1382,27.9062
48.8938,3,1,4/12/2020 23:06,1,,45817,FALSE,7,FALSE,0,1383,27.9062
48.8938,3,1,4/12/2020 23:06,1,,45817,FALSE,7,FALSE,0,1384,27.9062
48.8938,3,1,4/12/2020 23:06,1,,45817,FALSE,7,FALSE,0,1385,27.9062
48.8938,3,1,4/12/2020 23:06,1,,45817,FALSE,7,FALSE,0,1386,27.9062
48.8938,3,1,4/12/2020 23:06,1,,45817,FALSE,7,FALSE,0,1386,27.9062
49.025,3,1,4/12/2020 23:08,1,,45819,FALSE,7,FALSE,0,1388,27.8979
49.075,3,1,4/12/2020 23:08,1,,45821,FALSE,7,FALSE,0,1388,27.875
49.15,3,1,4/12/2020 23:08,1,,45823,FALSE,7,FALSE,0,1388,27.8429
49.1071,3,1,4/12/2020 23:10,1,,45825,FALSE,7,FALSE,0,1390,27.8643
49.4,3,1,4/12/2020 23:21,1,,45827,FALSE,7,FALSE,0,1401,27.7
49.3,3,1,4/12/2020 23:21,1,,45829,FALSE,7,TRUE,0,1401,27.7
49.3,3,1,4/12/2020 23:21,1,,45831,FALSE,7,FALSE,0,1401,27.7
49.2667,3,1,4/12/2020 23:21,1,,45833,FALSE,7,FALSE,0,1401,27.8
49.25,3,1,4/12/2020 23:22,1,,45835,FALSE,7,FALSE,0,1402,27.75
49.2833,3,1,4/12/2020 23:22,1,,45837,FALSE,7,FALSE,0,1402,27.7167
49.3,3,1,4/12/2020 23:22,1,,45839,FALSE,7,TRUE,0,1402,27.75
49.3,3,1,4/12/2020 23:22,1,,45841,FALSE,7,FALSE,0,1402,27.75
49.35,3,1,4/12/2020 23:22,1,,45843,FALSE,7,FALSE,0,1402,27.7
49.35,3,1,4/12/2020 23:22,1,,45845,FALSE,7,FALSE,0,1403,27.7
49.35,3,1,4/12/2020 23:22,1,,45845,FALSE,7,FALSE,0,1404,27.7
49.35,3,1,4/12/2020 23:22,1,,45845,FALSE,7,FALSE,0,1405,27.7
49.35,3,1,4/12/2020 23:22,1,,45845,FALSE,7,FALSE,0,1406,27.7
49.35,3,1,4/12/2020 23:22,1,,45845,FALSE,7,FALSE,0,1407,27.7
49.35,3,1,4/12/2020 23:22,1,,45845,FALSE,7,FALSE,0,1408,27.7
49.35,3,1,4/12/2020 23:22,1,,45845,FALSE,7,FALSE,0,1409,27.7
49.35,3,1,4/12/2020 23:22,1,,45845,FALSE,7,FALSE,0,1410,27.7
49.35,3,1,4/12/2020 23:22,1,,45845,FALSE,7,FALSE,0,1411,27.7
49.35,3,1,4/12/2020 23:22,1,,45845,FALSE,7,FALSE,0,1412,27.7
49.35,3,1,4/12/2020 23:22,1,,45845,FALSE,7,FALSE,0,1413,27.7
49.35,3,1,4/12/2020 23:22,1,,45845,FALSE,7,FALSE,0,1414,27.7
49.35,3,1,4/12/2020 23:22,1,,45845,FALSE,7,FALSE,0,1415,27.7
49.35,3,1,4/12/2020 23:22,1,,45845,FALSE,7,FALSE,0,1416,27.7
49.35,3,1,4/12/2020 23:22,1,,45845,FALSE,7,FALSE,0,1417,27.7
49.35,3,1,4/12/2020 23:22,1,,45845,FALSE,7,FALSE,0,1418,27.7
49.35,3,1,4/12/2020 23:22,1,,45845,FALSE,7,FALSE,0,1419,27.7
49.35,3,1,4/12/2020 23:22,1,,45845,FALSE,7,FALSE,0,1420,27.7
49.35,3,1,4/12/2020 23:22,1,,45845,FALSE,7,FALSE,0,1421,27.7
49.35,3,1,4/12/2020 23:22,1,,45845,FALSE,7,FALSE,0,1422,27.7
49.35,3,1,4/12/2020 23:22,1,,45845,FALSE,7,FALSE,0,1423,27.7
49.35,3,1,4/12/2020 23:22,1,,45845,FALSE,7,FALSE,0,1424,27.7
49.35,3,1,4/12/2020 23:22,1,,45845,FALSE,7,FALSE,0,1425,27.7
49.35,3,1,4/12/2020 23:22,1,,45845,FALSE,7,FALSE,0,1426,27.7
49.35,3,1,4/12/2020 23:22,1,,45845,FALSE,7,FALSE,0,1427,27.7
49.35,3,1,4/12/2020 23:22,1,,45845,FALSE,7,FALSE,0,1428,27.7
49.35,3,1,4/12/2020 23:22,1,,45845,FALSE,7,FALSE,0,1429,27.7
49.35,3,1,4/12/2020 23:22,1,,45845,FALSE,7,FALSE,0,1430,27.7
49.35,3,1,4/12/2020 23:22,1,,45845,FALSE,7,FALSE,0,1431,27.7
49.35,3,1,4/12/2020 23:22,1,,45845,FALSE,7,FALSE,0,1432,27.7
49.35,3,1,4/12/2020 23:22,1,,45845,FALSE,7,FALSE,0,1433,27.7
49.35,3,1,4/12/2020 23:22,1,,45845,FALSE,7,FALSE,0,1434,27.7
49.35,3,1,4/12/2020 23:22,1,,45845,FALSE,7,FALSE,0,1435,27.7
49.35,3,1,4/12/2020 23:22,1,,45845,FALSE,7,FALSE,0,1436,27.7
49.35,3,1,4/12/2020 23:22,1,,45845,FALSE,7,FALSE,0,1437,27.7
49.35,3,1,4/12/2020 23:22,1,,45845,FALSE,7,FALSE,0,1438,27.7
49.35,3,1,4/12/2020 23:22,1,,45845,FALSE,7,FALSE,0,1439,27.7
